UMAP1,UMAP2,cluster
-0.7309303,0.5229248,1
-0.81461275,0.4677271,1
-0.85918266,0.39858738,1
-0.81613374,0.40548775,1
-1.154933,0.21369717,1
-1.0102477,0.32734007,1
-1.1157987,0.20542215,1
-1.5461196,-0.05327163,1
-1.2814838,0.121137396,1
-1.6135776,-0.14509602,1
-1.5942992,-0.11557021,1
-1.5482894,-0.06387403,1
-1.1460654,0.16424674,1
-1.4838521,-0.0469454,1
-1.1984346,0.12582843,1
-1.2053567,0.16471998,1
-1.2779771,0.13956884,1
-1.4976052,0.019832721,1
-1.0969543,0.23554902,1
-1.2891134,0.07479633,1
-1.1652035,0.16417228,1
-1.2148569,0.17279042,1
-0.80155885,0.49334562,1
-0.9656313,0.35304374,1
-1.0140594,0.31058338,1
-0.83198935,0.36460453,1
-0.72376114,0.42807513,1
-0.891297,0.38773155,1
-1.4330336,0.05983494,1
-0.9573248,0.27116385,1
-1.4742014,-0.097186305,1
-1.2107648,0.11539858,1
-1.4849291,-0.036470484,1
-1.707383,-0.18231155,1
-1.45997,-0.07514297,1
-1.500738,-0.06033766,1
-1.5676161,0.042562854,1
-1.4105213,0.04023555,1
-1.6442976,-0.1584167,1
-1.5816102,-0.12372371,1
-1.6456934,-0.19030772,1
-1.5416628,-0.08790856,1
-1.3934368,0.007564528,1
-1.528335,-0.12039677,1
-0.5031852,0.63351345,1
-0.16297407,0.8516232,1
2.6610448,2.800517,2
2.8329294,2.9182281,2
2.7042005,2.840445,2
2.6122396,2.7658582,2
2.698088,2.8260384,2
2.3935544,2.6023605,2
-0.52182376,0.55868596,1
-0.7556249,0.45700276,1
-0.7721138,0.44531024,1
-1.259853,0.07553253,1
-0.87749773,0.33937266,1
-1.5309529,0.007481202,1
-1.6704605,-0.17550826,1
-1.7483008,-0.23336205,1
-1.5433909,-0.15332165,1
-1.6512722,-0.14235112,1
-1.4096831,-0.078661166,1
-1.4287754,-0.06445402,1
-1.6237898,-0.13767499,1
-1.5913192,-0.11261007,1
-1.6918116,-0.16631845,1
-1.5186679,-0.0677595,1
-0.8329845,0.4621877,1
1.2869914,1.925568,1
3.1993148,3.1508927,2
3.8910384,3.6064525,2
5.7422824,5.094128,0
5.241887,4.6673927,0
3.5519876,3.3878105,2
4.167955,3.8037941,2
3.280341,3.2096689,2
2.7242305,2.8457828,2
2.4706755,2.6658874,2
2.4950025,2.6816478,2
-0.88280576,0.33864143,1
-0.7373263,0.4157262,1
-0.44709584,0.6898894,1
-0.53142816,0.5836408,1
-0.5978903,0.5736706,1
-1.0963912,0.20838389,1
-1.4767394,-0.17246889,1
-1.3073645,0.055181153,1
-1.5473299,-0.0683817,1
-1.7404088,-0.19614781,1
-1.4665551,-0.12986785,1
-1.581919,-0.16256265,1
-1.2745578,0.04066836,1
-0.40181866,0.69346964,1
2.6769462,2.8153007,2
5.100288,4.5200706,0
6.305657,5.525414,0
6.4048223,5.613653,0
6.651027,5.720006,0
6.434807,5.6228976,0
5.214611,4.6479926,0
4.8695855,4.330175,0
4.113825,3.763071,2
4.0486856,3.693216,2
3.5730846,3.3921835,2
3.258526,3.1945484,2
3.348726,3.2514458,2
3.2864816,3.213112,2
3.113848,3.098459,2
2.5425353,2.7270088,2
2.786218,2.8784204,2
2.7271001,2.8383946,2
-1.3276213,0.030510295,1
-0.9960851,0.25577173,1
-1.2673872,0.09852733,1
-1.4352244,0.06513752,1
-1.336538,0.042050283,1
-1.2056848,0.14373627,1
-1.3475986,0.035760827,1
-0.65465057,0.52485925,1
2.604254,2.7596548,2
2.9016397,2.9603224,2
5.2935915,4.676937,0
5.329223,4.6980486,0
5.508186,4.7791486,0
6.240655,5.185037,0
4.5316224,3.9871955,2
4.2978024,3.8431475,2
4.3770127,3.8950186,2
4.301615,3.8499594,2
4.259527,3.8202658,2
4.2812066,3.840605,2
4.320441,3.8674052,2
4.3243303,3.8795624,2
4.3131156,3.9347978,2
4.3890634,3.984381,2
3.1470397,3.1203048,2
3.0615516,3.0617392,2
2.7751405,2.8696837,2
-1.5673778,-0.19412659,1
-1.626427,-0.12883836,1
-1.6610699,-0.1742431,1
-1.1431752,0.13239788,1
-1.5499371,-0.12285322,1
-1.6001939,-0.22649536,1
-1.3541137,0.05341568,1
-0.63445204,0.59946734,1
-0.2517336,0.8168101,1
2.9026124,2.960694,2
5.8933816,5.108244,0
6.4435816,5.5997734,0
6.307875,5.2423964,0
6.2252455,5.1246862,0
6.4192142,5.2570906,0
4.2580276,3.8132572,2
4.3448415,3.8728266,2
4.349606,3.8942704,2
4.307069,3.858865,2
4.365427,3.8966725,2
4.327194,3.9055188,2
4.3389645,3.901797,2
4.3771024,3.9837952,2
4.3288126,3.9122171,2
4.329926,3.9017222,2
3.9540446,3.6353424,2
3.063484,3.0664966,2
2.3863115,2.6043627,2
-1.103335,0.23649633,1
-1.4329737,-0.022566237,1
-1.3186282,0.075172596,1
-1.2070827,0.093470484,1
-1.6147866,-0.12556228,1
-1.6252066,-0.14593175,1
-1.5085626,-0.12616871,1
-0.39522457,0.7045666,1
2.778243,2.8771935,2
4.154729,3.8174958,2
6.583735,5.7221484,0
5.2991486,4.671382,0
6.5585356,5.612979,0
6.2555084,5.3681116,0
6.68183,5.6269007,0
6.38818,5.2960606,0
6.423651,5.258985,0
4.9608884,4.423676,0
4.3419285,3.9099014,2
4.3305607,3.912897,2
4.327555,3.9100041,2
6.338262,5.5800757,0
6.3225617,5.5498123,0
4.3460054,3.8860862,2
4.3460402,3.8912058,2
4.3774548,3.8977182,2
4.032053,3.6809516,2
3.1797194,3.1407857,2
-0.9230899,0.31775752,1
-1.5388986,-0.027273884,1
-1.363535,0.016851835,1
-1.0925794,0.17294452,1
-1.5473614,-0.08729025,1
-1.4051565,-0.099320844,1
-1.7060183,-0.1951788,1
-1.3559946,0.024933131,1
-0.50123465,0.6501426,1
-0.3003348,0.76468205,1
2.82657,2.9117115,2
5.402201,4.710217,0
6.0151052,5.259418,0
5.2359214,4.5689225,0
4.008785,3.6842244,2
4.920947,4.355006,0
5.448013,4.687121,0
5.945882,4.9792027,0
6.7041864,5.705767,0
6.2488437,5.52421,0
5.792315,5.093645,0
6.424679,5.6310244,0
6.0322356,5.3104386,0
6.0140986,5.294032,0
6.0762453,5.3275547,0
5.0860014,4.4975786,0
4.352786,3.8916228,2
4.3384614,3.8742564,2
4.3521547,3.8738399,2
3.259486,3.198729,2
2.4418175,2.6523848,2
-1.2309237,0.11190117,1
-1.1439188,0.1618286,1
-1.2154226,0.17499404,1
-1.5462266,-0.084380895,1
-1.4354497,-0.06528982,1
-1.4349642,-0.049922165,1
-1.3318828,-0.0049213865,1
-0.55727106,0.59717155,1
2.7195437,2.8423629,2
5.0221615,4.3490386,0
5.9703207,5.2853737,0
4.870999,4.3379197,0
4.786435,4.2285233,0
5.135037,4.591796,0
5.17911,4.621152,0
5.669301,4.9534693,0
5.7919917,4.9512033,0
5.228736,4.4864254,0
5.214638,4.528262,0
5.0841827,4.5329866,0
5.8946223,5.195475,0
5.5071535,4.8587565,0
5.880559,5.177696,0
4.925129,4.3643446,0
5.791236,5.0982966,0
4.5310435,3.996125,2
4.296478,3.8465364,2
4.350512,3.8779848,2
4.134657,3.7385952,2
3.230208,3.174125,2
-0.8339378,0.38597614,1
-1.4372362,0.027286962,1
-1.7088046,-0.18734804,1
-1.2640564,0.096031964,1
-1.1704208,0.1417459,1
-1.5308303,-0.06862755,1
-1.5940541,-0.08408184,1
-0.3251811,0.74364126,1
1.1928787,1.9032402,1
3.2995207,3.2145848,2
6.259691,5.4969234,0
6.220343,5.4728403,0
6.0350823,5.311462,0
5.3170495,4.537919,0
4.770169,4.2245283,0
4.7354045,4.204361,0
5.357725,4.6270714,0
5.6546865,4.96177,0
4.7766776,4.208749,0
5.3163614,4.7386045,0
6.0256205,5.2388844,0
6.3792415,5.5056467,0
5.891889,5.1727157,0
5.413178,4.8153996,0
5.365543,4.759377,0
5.8578568,5.1507926,0
5.180845,4.5735326,0
4.5100603,3.986295,2
4.3700204,3.895476,2
4.2953496,3.832641,2
3.310349,3.2365751,2
2.7520843,2.8561926,2
-0.78784376,0.42832422,1
-1.4084636,0.0679437,1
-1.6619982,-0.13955222,1
-1.6354562,-0.14194457,1
-1.1588088,0.14527398,1
-1.4308037,-0.068389826,1
-1.2958643,0.08322712,1
-0.5384572,0.63644964,1
-0.3706867,0.71330553,1
2.7694898,2.8706887,2
5.590317,4.757996,0
5.515571,4.8555493,0
5.850218,5.1895394,0
6.7682447,5.811486,0
6.008104,5.2574697,0
5.1107273,4.5010304,0
5.736725,5.087863,0
5.4801073,4.826184,0
4.7252793,4.16358,0
4.900326,4.2358427,0
5.274764,4.628261,0
5.9515715,5.1528797,0
5.3019567,4.6422157,0
5.4064384,4.8067083,0
5.4077883,4.7410755,0
4.7931566,4.223305,0
5.0946937,4.5243134,0
3.9896224,3.6814575,2
4.019286,3.7034433,2
4.4328585,3.9477196,2
4.3624907,3.8898044,2
4.3079276,3.8512359,2
4.0047464,3.6645734,2
2.7314713,2.8426485,2
-0.48765886,0.6274204,1
-1.3906223,-0.004717831,1
-1.4434274,0.050973494,1
-1.2518535,0.13467172,1
-1.4360002,0.041119397,1
-1.2667246,0.05189888,1
-0.8927726,0.37593466,1
2.5343156,2.710265,2
3.841529,3.5687313,2
6.3700166,5.5702367,0
5.704964,5.075714,0
6.064228,5.308252,0
6.5105205,5.635615,0
6.539674,5.630395,0
6.4321012,5.3774605,0
5.492359,4.728642,0
5.1280184,4.481367,0
4.736893,4.1703434,0
4.9802794,4.3570957,0
5.224263,4.6302752,0
5.103513,4.522958,0
4.8002005,4.174089,0
4.7253985,4.18259,0
5.1506767,4.490266,0
4.997389,4.370299,0
4.691158,4.165313,2
4.888272,4.350444,0
3.9388628,3.647016,2
4.0051665,3.6933043,2
4.48831,3.9739587,2
4.361894,3.8744643,2
4.2863913,3.8250675,2
3.4199462,3.297907,2
2.7704577,2.8685958,2
-0.88836306,0.3331468,1
-1.5455853,-0.117542945,1
-1.5845163,-0.11038419,1
-0.9493817,0.28091273,1
-1.1736498,0.12917644,1
-1.2148947,0.09292451,1
-0.7243424,0.52092785,1
-0.51918197,0.5936153,1
3.1075454,3.0926015,2
6.287877,5.52048,0
6.3870873,5.500933,0
6.4693637,5.5981436,0
6.1449814,5.351621,0
5.5191817,4.8304553,0
6.369604,5.567798,0
5.522645,4.812225,0
5.876902,5.1745067,0
5.8496327,5.1801634,0
4.945447,4.2147617,0
4.7707453,4.2371583,0
4.9632506,4.401179,0
4.714407,4.1570477,0
4.7432423,4.205368,0
4.833303,4.3003063,0
5.121021,4.5124965,0
5.285424,4.7052927,0
4.685761,4.1546335,2
4.5919065,4.0870576,2
4.853554,4.326808,0
6.0135927,5.291706,0
4.385888,3.9059715,2
4.237548,3.7981899,2
4.3513265,3.8682928,2
3.7931826,3.5282078,2
3.1895735,3.1509285,2
-0.68628347,0.49994487,1
-1.249812,0.10724349,1
-1.3329248,-0.05270462,1
-1.0041044,0.25876746,1
-1.1013657,0.18603154,1
-1.488395,-0.05722542,1
-0.77484006,0.45724893,1
2.6771078,2.811,2
3.7769094,3.521042,2
6.353777,5.573355,0
6.2187443,5.4655137,0
6.679471,5.755057,0
6.277055,5.4891853,0
6.699597,5.706596,0
6.377577,5.5210385,0
6.2036543,5.444775,0
5.8748755,4.979605,0
5.8964157,4.924612,0
6.1586432,5.279458,0
4.848919,4.2089486,0
4.8467407,4.1900673,0
4.8654175,4.268824,0
4.953636,4.375426,0
4.9741535,4.3893304,0
4.864654,4.329531,0
4.6156936,4.054071,2
4.4469543,3.9515696,2
4.437913,3.962205,2
4.337659,3.8723412,2
4.5398192,3.9979525,2
4.5461946,3.998167,2
4.503917,3.9706156,2
4.4340796,3.9247994,2
4.359759,3.8853269,2
4.120797,3.7307272,2
2.762644,2.8614318,2
-1.4908421,-0.12763314,1
-1.7165899,-0.18944795,1
-1.241111,0.07941957,1
-1.2267991,0.09143939,1
-1.6371466,-0.1361848,1
-0.32911998,0.7478281,1
2.613368,2.7634246,2
3.3498874,3.2446783,2
6.2432427,5.175509,0
6.5675416,5.663661,0
6.4382586,5.5266304,0
6.15022,5.338495,0
6.231441,5.3698335,0
5.7849736,5.0130568,0
6.858201,5.8853855,0
5.820803,4.970231,0
5.6330028,4.762109,0
6.6803474,5.721129,0
6.6977572,5.728855,0
6.251485,5.33036,0
4.8970513,4.229699,0
5.853377,4.958695,0
6.220821,5.4400253,0
4.5639086,4.0378723,2
4.4528947,3.9430177,2
4.64446,4.0650983,2
4.5918865,4.039319,2
4.588227,4.0379634,2
4.4795012,3.999101,2
4.4994817,3.9890618,2
4.2546,3.8205593,2
4.610357,4.048398,2
4.3877563,3.8896055,2
4.2440586,3.8236918,2
4.0862074,3.7078693,2
2.8759823,2.9444978,2
-1.5648264,-0.16398126,1
-1.6967524,-0.2020043,1
-1.388549,0.045117877,1
-1.575463,-0.07347627,1
-1.5042593,-2.4492383e-05,1
-1.5827874,-0.10348045,1
-0.91609955,0.3718505,1
-0.33694836,0.730633,1
3.0106297,3.0277984,2
5.5597014,4.5521283,0
6.1508107,5.117832,0
5.780053,4.9979815,0
6.273556,5.529158,0
5.7498765,5.0585823,0
6.500717,5.489908,0
6.626754,5.6453547,0
6.7644606,5.825227,0
6.0161967,5.3023977,0
6.2741027,5.3775625,0
6.3828564,5.4138865,0
6.212799,5.355842,0
6.1682544,5.416427,0
5.791861,4.945302,0
6.236816,5.271681,0
5.8497987,5.004063,0
4.586455,4.028796,2
4.8282633,4.2442775,0
5.0390825,4.3700094,0
4.8764186,4.2686625,0
4.893962,4.3450603,0
4.86204,4.3129754,0
5.4591,4.810007,0
5.200765,4.6118336,0
5.5593967,4.8636866,0
4.717774,4.1172647,2
4.2859836,3.8406584,2
4.16213,3.763151,2
2.8925676,2.9515128,2
-1.2864715,0.017503658,1
-1.6939998,-0.18640499,1
-1.4668669,-0.12881064,1
-1.5910463,-0.11389999,1
-1.5150394,-0.06514968,1
-1.6370302,-0.1106477,1
-0.900211,0.41723603,1
2.5207844,2.6981418,2
3.0686383,3.0658078,2
5.6773014,4.707932,0
6.6835594,5.7386084,0
6.638103,5.684215,0
6.4652524,5.526815,0
6.190325,5.4143124,0
6.24946,5.424757,0
6.327481,5.5219817,0
6.164899,5.382501,0
6.4933043,5.620092,0
6.5593133,5.646299,0
6.2053733,5.417587,0
6.151349,5.4009833,0
5.821841,4.9084973,0
5.2957354,4.6238427,0
5.8084183,5.011682,0
5.845265,5.0217514,0
5.799181,5.0335956,0
4.846124,4.267464,0
4.964863,4.386032,0
5.14851,4.610474,0
4.924464,4.3620696,0
4.842361,4.314425,0
4.8273907,4.253431,0
4.829533,4.267818,0
5.181885,4.6002254,0
4.61753,4.0924797,2
4.225468,3.7938814,2
4.329023,3.8634079,2
3.255144,3.1916156,2
-0.9667644,0.28244063,1
-1.6614257,-0.19145593,1
-1.6072304,-0.16217007,1
-1.0688446,0.20087896,1
-1.1581852,0.16163592,1
-1.1757263,0.14869799,1
-0.84184533,0.45601824,1
-0.7467665,0.4622434,1
3.0648375,3.0668771,2
5.5442333,4.532697,0
6.663748,5.651673,0
6.683664,5.763899,0
5.269331,4.4788885,0
5.640608,4.91279,0
5.985871,5.298139,0
6.060378,5.264668,0
5.2829213,4.609821,0
6.8369,5.876313,0
5.405866,4.681904,0
6.652114,5.7197337,0
6.1650147,5.3184257,0
5.8354216,5.041283,0
5.626599,4.7044,0
6.0435104,5.2029204,0
5.0058236,4.352364,0
6.0725636,5.387365,0
5.417414,4.545528,0
5.5623364,4.7795725,0
5.136068,4.4345603,0
5.0683556,4.469655,0
5.226886,4.5681953,0
4.930821,4.365262,0
4.8301907,4.263785,0
5.1319814,4.5218153,0
4.900251,4.3391595,0
6.4823895,5.6258507,0
4.298362,3.8381095,2
4.3030686,3.8662896,2
3.3431575,3.249278,2
2.7196712,2.8381112,2
-0.92327684,0.29430532,1
-1.4142102,0.0257267,1
-1.5084083,-0.12988299,1
-1.174788,0.14066045,1
-1.4454123,-0.057865895,1
-1.6218742,-0.14313771,1
-1.3109744,0.08192651,1
-1.12794,0.16401413,1
2.3051498,2.5408435,2
3.1613257,3.126858,2
5.5538087,4.541288,0
6.501625,5.4972215,0
6.4685435,5.5139327,0
5.528627,4.782205,0
5.906417,5.1459856,0
5.7448807,5.083078,0
6.20465,5.427232,0
6.082486,5.3712697,0
6.5968494,5.691888,0
6.0003,5.157251,0
6.046671,5.316523,0
6.3358955,5.5325823,0
6.6786575,5.7431645,0
5.7448325,4.848099,0
5.6281977,5.013105,0
6.2251,5.4841266,0
6.526475,5.556127,0
6.282973,5.5269885,0
5.996946,5.1023407,0
5.2423306,4.4826756,0
5.4096446,4.736238,0
6.611778,5.749985,0
5.3586745,4.580107,0
4.8487086,4.269333,0
5.496441,4.683858,0
6.349397,5.352531,0
5.2770624,4.5811014,0
4.3971653,3.9096212,2
4.227084,3.7783494,2
4.2998075,3.8434234,2
3.0629983,3.062893,2
-0.76713765,0.42602673,1
-1.2926724,0.07589903,1
-1.7046323,-0.20767169,1
-1.0601884,0.19383761,1
-1.4860545,0.005048269,1
-1.4314073,0.032976262,1
-0.6128774,0.56658405,1
-1.0829871,0.2662811,1
2.8078427,2.8950996,2
3.4018927,3.276798,2
6.295428,5.191215,0
6.6756277,5.7073436,0
6.4894576,5.351854,0
6.348486,5.4559135,0
4.7123656,4.1757593,0
6.032905,5.200688,0
5.655375,4.9960594,0
6.1986637,5.4850783,0
6.536397,5.6758313,0
6.6687045,5.743597,0
5.9037,5.0462494,0
6.5578113,5.659714,0
6.1583824,5.3899593,0
6.070684,5.099482,0
6.6693153,5.738715,0
5.5079417,4.7735167,0
6.028402,5.1438966,0
6.778013,5.828053,0
6.221616,5.3770843,0
6.50196,5.545486,0
5.548864,4.7698364,0
6.771281,5.8465433,0
6.041195,5.3363695,0
6.443165,5.6141815,0
6.335201,5.505226,0
6.6855626,5.753297,0
5.8491693,5.080727,0
5.3243775,4.544812,0
4.5231066,3.9873712,2
4.301419,3.8459926,2
3.949382,3.6258433,2
2.5402606,2.714357,2
-1.1728948,0.15261954,1
-1.5979753,-0.135519,1
-1.3897039,-0.017213393,1
-1.3935086,0.037512247,1
-1.5848478,-0.1802815,1
-1.017564,0.37000552,1
-1.1395247,0.24176283,1
-0.48823398,0.6248004,1
3.2380378,3.177661,2
5.5455556,4.533351,0
6.352062,5.2026873,0
6.700806,5.68771,0
6.0540314,5.0544915,0
6.1699767,5.2594213,0
5.403462,4.618063,0
5.2866898,4.541531,0
5.749423,4.928389,0
5.624292,4.80431,0
6.5782843,5.626103,0
6.455047,5.650037,0
6.266554,5.374909,0
5.13687,4.503473,0
6.429586,5.542261,0
6.4355736,5.5622835,0
6.4748487,5.5171046,0
5.958034,5.2473183,0
5.928312,5.236997,0
6.191839,5.444795,0
6.4684925,5.637638,0
6.1883307,5.2068205,0
6.6084175,5.7615867,0
6.23483,5.4884577,0
6.4733634,5.682048,0
6.0424557,5.351509,0
5.649142,5.0124493,0
6.0343285,5.3342314,0
5.8472357,5.2014923,0
6.659501,5.7595477,0
4.591191,4.0337276,2
4.3426676,3.8697305,2
4.300457,3.8395958,2
3.2852874,3.2114508,2
-0.5993174,0.5216372,1
-1.4153929,0.01735829,1
-1.5035787,-0.09779421,1
-1.4725524,-0.10421673,1
-0.91034967,0.31143084,1
-1.0562146,0.21244091,1
-0.45735595,0.68021566,1
-0.31490228,0.7660349,1
2.6878607,2.8182619,2
3.2560883,3.1895053,2
5.579667,4.5653744,0
6.4468937,5.294025,0
5.864254,4.814065,0
6.3322716,5.259571,0
5.8906374,5.004688,0
5.3017898,4.615884,0
5.371583,4.567185,0
5.887793,5.0896745,0
5.943154,5.161234,0
5.5920577,4.9669714,0
6.1291966,5.414385,0
5.7310925,5.011402,0
6.046042,5.1748066,0
6.550855,5.6439,0
6.1208196,5.3833394,0
6.060461,5.3345246,0
6.1063805,5.222666,0
6.5673227,5.6817617,0
6.2692723,5.533604,0
6.4855995,5.673323,0
5.0094852,4.389113,0
6.786487,5.86504,0
6.0169945,5.313648,0
6.3954253,5.532065,0
5.9869237,5.2695727,0
6.70101,5.803575,0
6.0465,5.3068686,0
6.0683565,5.1997323,0
6.7364755,5.7930894,0
5.1959662,4.635712,0
4.4258757,3.927718,2
4.1994267,3.7782128,2
4.1923,3.7702444,2
2.3961911,2.6110437,2
-1.534726,-0.11504978,1
-1.3687074,0.0047392272,1
-1.6879567,-0.17837796,1
-1.2838199,0.008168161,1
-1.2133178,0.09614895,1
-0.73557156,0.5172918,1
-0.7712824,0.46438566,1
3.2201197,3.1636927,2
5.0662084,4.3218055,0
5.5739484,4.6756573,0
6.0524116,5.047756,0
5.589415,4.5893636,0
6.378641,5.2244153,0
6.125234,5.154321,0
5.541316,4.6824083,0
3.6758378,3.459183,2
5.9140415,5.151796,0
6.008038,5.0633326,0
5.4446435,4.789003,0
6.2013607,5.399481,0
6.0811477,5.3630066,0
6.022938,5.20346,0
5.0519643,4.4246845,0
5.6477237,4.9706035,0
6.0089245,5.1907945,0
6.413623,5.4499907,0
5.8608627,5.121069,0
6.6328664,5.6615767,0
6.221221,5.393113,0
6.5961995,5.631181,0
6.686387,5.7517433,0
6.6385393,5.7567554,0
6.62316,5.7771397,0
6.1514835,5.4916496,0
6.597941,5.773927,0
5.3856163,4.731808,0
6.287465,5.369413,0
6.3217483,5.5105352,0
6.0590024,5.3401475,0
5.6395717,5.0068483,0
4.3401093,3.8710902,2
4.2772083,3.8272932,2
4.197447,3.7784488,2
2.8437793,2.928615,2
-1.3779919,0.089520976,1
-1.4811244,-0.01439754,1
-1.5213503,-0.19494344,1
-1.54574,-0.093419954,1
-1.0272003,0.23891181,1
-1.0613427,0.30246112,1
-0.654504,0.5571988,1
2.494618,2.680409,2
3.7849696,3.528868,2
6.80587,5.8470263,0
6.473891,5.641172,0
5.9692616,5.178616,0
6.477399,5.6133084,0
6.693398,5.701841,0
5.8512826,5.0186014,0
6.3643575,5.405464,0
6.364751,5.547704,0
5.859072,5.0928974,0
5.314616,4.64007,0
6.580581,5.6231356,0
5.655307,4.7992425,0
5.828333,4.9269943,0
6.292675,5.4992056,0
5.785481,5.0113373,0
5.9601135,5.109695,0
4.89973,4.3143125,0
6.1031833,5.3097596,0
5.156693,4.5288095,0
5.973158,5.216894,0
6.5516157,5.678453,0
6.432501,5.605434,0
6.4631186,5.641021,0
6.1554155,5.4052253,0
6.432648,5.633235,0
5.939879,5.2254653,0
6.625208,5.71308,0
6.151388,5.3970904,0
6.498384,5.6598063,0
5.758603,5.123647,0
5.8724003,5.092378,0
5.4246316,4.7165656,0
4.6196384,4.057669,2
4.322949,3.8577576,2
4.207434,3.8025792,2
3.0224016,3.0397983,2
-1.4353132,-0.075807124,1
-1.6590682,-0.13837424,1
-1.5147374,-0.009370761,1
-1.0342741,0.2492161,1
-1.0749401,0.20369577,1
-1.3620342,0.07757737,1
-0.8780769,0.4318109,1
-0.48396116,0.6238333,1
2.4689155,2.6606433,2
4.905276,4.247835,0
6.1986756,5.3159056,0
6.256696,5.311385,0
5.832255,5.070889,0
6.321445,5.388808,0
6.3589525,5.4270945,0
5.7515635,4.9138856,0
5.2039537,4.57766,0
5.253683,4.551726,0
6.0318427,5.276213,0
5.6821375,4.9473405,0
5.7564096,4.954519,0
6.3241925,5.4222484,0
6.3616858,5.378773,0
6.6229353,5.6259985,0
5.8056126,5.0102262,0
5.7403827,4.9511375,0
5.306662,4.6309547,0
5.88886,5.052056,0
6.0177307,5.2288904,0
6.181606,5.4809093,0
5.570448,4.843389,0
5.9695997,5.2038627,0
6.6053033,5.692809,0
5.977789,5.1718726,0
6.6407933,5.638046,0
6.3824525,5.576223,0
6.781192,5.799425,0
6.698848,5.742991,0
5.9631114,5.2592,0
6.2654004,5.541703,0
6.687691,5.7865644,0
6.339742,5.56432,0
4.349546,3.8735058,2
4.28334,3.8264735,2
4.2173142,3.8107677,2
3.2229598,3.1716366,2
-1.1549405,0.15302521,1
-1.5783592,-0.071454555,1
-1.2247126,0.08960948,1
-1.5587968,-0.13685381,1
-1.4781867,-0.013071122,1
-1.5390652,-0.15052412,1
-1.2942898,0.16671374,1
-0.95345014,0.33575627,1
2.8794863,2.9407983,2
3.799457,3.5448065,2
6.1422606,5.341115,0
5.3385544,4.730483,0
5.798009,5.08124,0
6.2753334,5.4416294,0
5.258992,4.6335855,0
5.843455,5.1280456,0
5.96696,5.2260056,0
5.9514303,5.183681,0
5.945965,5.1175604,0
4.994257,4.39334,0
5.5336137,4.76396,0
5.424867,4.56627,0
5.9788413,5.054845,0
6.286361,5.3713536,0
5.7033753,4.8788066,0
5.8528304,5.2049108,0
5.4203725,4.6762576,0
6.0439363,5.268386,0
5.67714,4.7891417,0
6.258649,5.511615,0
6.0505652,5.3063045,0
5.9650803,5.08691,0
5.599458,4.8690677,0
5.974507,5.330088,0
6.4804654,5.6169724,0
5.8422837,5.187895,0
5.41329,4.77857,0
5.9463406,4.9721756,0
6.175605,5.2772946,0
6.452383,5.643154,0
6.12098,5.416844,0
5.4567647,4.795495,0
4.5292344,3.9947448,2
4.213467,3.7844005,2
4.2698092,3.8339002,2
3.2651927,3.1994963,2
-1.1161146,0.14264803,1
-1.7554564,-0.261073,1
-1.1630429,0.13855971,1
-1.4936835,-0.14069013,1
-1.701209,-0.19465815,1
-1.4381986,-0.09896943,1
-1.0086919,0.29912245,1
-1.0262202,0.29518834,1
-0.9517775,0.3394199,1
2.6310182,2.7865424,2
3.764314,3.5173018,2
6.6756043,5.758753,0
6.4979205,5.586546,0
6.783139,5.826295,0
6.7490606,5.7674675,0
6.393763,5.509414,0
6.5060477,5.5842705,0
5.9145904,5.175137,0
5.060825,4.4200644,0
5.75003,4.9933033,0
5.811634,5.08601,0
5.237043,4.6690326,0
6.112483,5.2636414,0
5.048902,4.432161,0
5.7057166,4.982073,0
4.3362293,3.8942313,2
5.354368,4.7263737,0
5.7973557,5.0703382,0
5.4753747,4.748567,0
5.1536884,4.5665474,0
6.0181427,5.3275223,0
6.128982,5.346425,0
6.1731286,5.4856386,0
5.650708,4.990305,0
6.0293446,5.3384533,0
6.4540486,5.663651,0
5.9802675,5.1742535,0
6.34377,5.4450502,0
6.576019,5.7261467,0
5.173242,4.55638,0
5.341783,4.7205625,0
6.5843163,5.716196,0
4.3507586,3.875897,2
4.3108244,3.8537073,2
4.3471494,3.8943324,2
3.384501,3.2760792,2
-0.68699855,0.4528117,1
-1.491181,-0.006530069,1
-1.4635254,-0.038132988,1
-1.6873856,-0.18645675,1
-1.6011695,-0.14232802,1
-1.6315727,-0.1332177,1
-1.6015576,-0.12325071,1
-1.4959843,0.042105686,1
-1.4554534,0.0014233397,1
-0.614919,0.51429784,1
-0.21501288,0.79371357,1
2.7493484,2.8627424,2
6.0020638,5.259015,0
5.815837,5.0556927,0
6.2014894,5.326902,0
5.7759924,4.9403563,0
6.0552664,5.306557,0
6.000294,5.237582,0
5.9743323,5.254383,0
5.935948,5.160629,0
5.90608,5.175439,0
6.310027,5.2888947,0
5.9778104,5.095637,0
6.440371,5.4275956,0
4.726144,4.179395,0
5.320131,4.6906366,0
5.3338394,4.46211,0
5.2157397,4.618926,0
6.0295444,5.2772956,0
5.5327153,4.717786,0
5.3167033,4.558648,0
6.234209,5.5264373,0
5.6341324,4.872007,0
5.993411,5.256634,0
5.872206,5.103304,0
5.8726573,5.0965843,0
5.892274,5.2536097,0
6.0897617,5.461843,0
5.6821766,4.833131,0
6.377503,5.6027393,0
6.4438424,5.6090174,0
6.35169,5.5517898,0
4.789944,4.222945,0
4.2711916,3.8285048,2
4.2974906,3.8446453,2
4.299798,3.852182,2
3.1975322,3.1552496,2
-1.4289881,0.0130706495,1
-1.555571,-0.14868946,1
-1.5300165,-0.0929194,1
-1.0156784,0.28807113,1
-1.5826063,-0.15897611,1
-1.6097217,-0.10744988,1
-1.1968242,0.12181997,1
-1.2063997,0.2414714,1
-1.0969509,0.27173364,1
-0.41693857,0.6912082,1
2.5604124,2.745114,2
3.8123438,3.554706,2
4.3682137,3.9245832,2
6.0463705,5.2892156,0
6.489913,5.624426,0
6.287978,5.3211875,0
6.5575905,5.575669,0
5.309019,4.611861,0
5.506686,4.844131,0
6.1636305,5.2870064,0
5.4168897,4.538347,0
6.340612,5.4109225,0
5.912265,5.064644,0
5.3813634,4.7198987,0
5.309825,4.650884,0
4.7777977,4.200256,0
5.5644855,4.77097,0
5.615075,4.979294,0
5.5430264,4.8118877,0
5.9141254,5.099283,0
5.501171,4.7773595,0
5.68104,4.8263097,0
6.1104536,5.389472,0
5.64191,5.037239,0
5.486459,4.812653,0
6.2964253,5.570087,0
5.9634147,5.368395,0
5.676462,4.903056,0
6.2230487,5.506522,0
5.2225165,4.6471334,0
5.462804,4.869826,0
6.139348,5.412146,0
4.713316,4.118576,2
4.275189,3.8196473,2
4.287831,3.8417685,2
4.329402,3.8645892,2
3.2758105,3.2065747,2
-1.0916967,0.19679835,1
-1.4408373,-0.017476795,1
-1.2185024,0.12690714,1
-1.2693503,0.07945587,1
-1.5090266,-0.008559676,1
-1.2678766,0.13207725,1
-1.3763534,0.036314048,1
-0.8494907,0.4305841,1
-0.99113774,0.35738963,1
-0.3583114,0.7113488,1
2.9352067,2.9816837,2
4.2353277,3.7939453,2
5.057739,4.3928404,0
6.139395,5.2837996,0
5.983297,5.2355776,0
6.2462783,5.2855635,0
5.862878,4.928361,0
5.8539124,4.871463,0
5.6188283,4.945035,0
6.1476526,5.2641726,0
6.2510824,5.434615,0
6.0991755,5.254903,0
5.8051786,5.1392236,0
5.984541,5.27675,0
5.573583,4.934845,0
6.0851693,5.125256,0
4.8809876,4.302858,0
5.146198,4.5061135,0
5.224153,4.565579,0
5.529213,4.701044,0
4.9601283,4.3720684,0
6.262905,5.388656,0
6.0225086,5.394675,0
6.2299137,5.507162,0
5.8795953,5.0859637,0
6.025325,5.2472053,0
6.419114,5.6066713,0
6.706275,5.7597284,0
5.4286146,4.781516,0
5.563677,4.745431,0
6.081322,5.3839736,0
6.332008,5.573787,0
5.6421084,4.894491,0
4.737328,4.138919,2
4.275178,3.8255117,2
4.298515,3.8450093,2
3.075236,3.07535,2
-1.0727234,0.17945364,1
-1.3178627,0.044299424,1
-1.6605982,-0.16298006,1
-1.7454638,-0.2379695,1
-1.2589041,0.0907027,1
-1.4547552,-0.09117978,1
-1.6782608,-0.17187278,1
-1.7398785,-0.19190794,1
-0.8561937,0.47657984,1
-0.323544,0.75726897,1
3.1471016,3.1175866,2
4.1202416,3.747326,2
6.582827,5.7046037,0
5.680306,5.0356517,0
6.2520676,5.4792647,0
6.4209366,5.489999,0
6.031644,5.068449,0
6.14967,5.2719035,0
6.3726883,5.461869,0
6.582944,5.61374,0
5.7277637,4.8684807,0
5.591652,4.765127,0
6.1144285,5.208455,0
5.1566534,4.4793725,0
5.4908485,4.70433,0
5.0542717,4.298017,0
5.192833,4.4463935,0
4.602988,4.0762367,0
4.7445784,4.161634,0
5.630614,4.9883227,0
6.0461683,5.323875,0
6.5856695,5.679837,0
5.988681,5.176763,0
5.740915,5.136725,0
6.6486335,5.7119513,0
5.4574327,4.817378,0
6.51934,5.699102,0
6.215829,5.53724,0
6.2414474,5.5359607,0
6.1723027,5.4820757,0
5.7298284,4.9384084,0
6.080853,5.4095955,0
6.4668226,5.657051,0
4.649421,4.079108,2
4.2314563,3.8007486,2
4.0900807,3.7071698,2
2.7444375,2.8498578,2
-1.0897986,0.24110025,1
-1.6650329,-0.16015103,1
-1.5221179,-0.05779901,1
-1.5045537,-0.096036695,1
-1.5207975,-0.115398705,1
-1.6455147,-0.15056239,1
-1.0309612,0.23789173,1
-1.310616,0.08591662,1
-0.7322438,0.53193736,1
-0.4542061,0.6572354,1
3.0017579,3.0254064,2
4.0943327,3.7314758,2
6.8358383,5.8673463,0
6.7317996,5.744974,0
6.5483007,5.600714,0
6.1558676,5.2650485,0
6.672414,5.6367817,0
6.5065756,5.5089912,0
6.00647,5.16323,0
6.6093216,5.585531,0
6.4999604,5.6180973,0
6.1513877,5.3088264,0
5.837045,5.0345764,0
5.2266636,4.5587463,0
5.631649,4.951562,0
5.9349794,5.1094165,0
4.8670936,4.3017817,0
4.934355,4.2735724,0
5.162733,4.557832,0
5.0371346,4.4226923,0
5.048319,4.4544044,0
5.4604363,4.7390766,0
5.070933,4.4804897,0
6.323113,5.575821,0
6.144872,5.413915,0
5.6520696,5.0610223,0
6.213755,5.332836,0
5.164452,4.554714,0
5.4671855,4.6527057,0
6.6193113,5.7428246,0
6.30421,5.448357,0
6.358052,5.4397106,0
6.0162673,5.268764,0
4.58368,4.02902,2
4.22404,3.8153927,2
3.375723,3.2710838,2
2.4520202,2.6566393,2
-1.1615053,0.14090358,1
-1.6333895,-0.19887716,1
-1.187811,0.10366063,1
-1.6232152,-0.24251464,1
-1.7140819,-0.22519614,1
-1.5914168,-0.12601054,1
-1.3094095,0.05147893,1
-0.9182596,0.4058084,1
-0.2942587,0.7291439,1
2.5460498,2.732049,2
4.0505457,3.7174568,2
6.150925,5.328634,0
6.5799775,5.654154,0
6.231454,5.525094,0
4.94017,4.333108,0
6.6974826,5.7658362,0
6.2055197,5.1645937,0
6.4916134,5.408748,0
6.3684916,5.37203,0
6.165495,5.2659826,0
6.1311665,5.4220114,0
5.718971,4.9696813,0
5.8348236,4.870381,0
5.1928716,4.5392427,0
5.7163444,5.039108,0
5.323958,4.620981,0
5.14727,4.4064374,0
5.28396,4.4778423,0
5.5825133,4.8118534,0
5.601511,4.876933,0
4.999841,4.4046836,0
5.261016,4.5948577,0
5.1675897,4.4111137,0
6.141071,5.344291,0
5.7095027,4.993326,0
5.6405354,4.864288,0
6.1588573,5.4644923,0
6.248712,5.472534,0
5.672419,5.0165763,0
6.0957203,5.4613757,0
5.660181,4.8240914,0
4.5406446,3.9974847,2
4.2065406,3.8100276,2
4.3634157,3.8598156,2
3.237211,3.1767104,2
-1.154643,0.2012216,1
-1.3777779,0.033917453,1
-1.6390958,-0.24629496,1
-1.4876117,-0.010332432,1
-1.705079,-0.17963183,1
-1.317152,0.03590557,1
-1.4944967,-0.0022035865,1
-0.5828231,0.58498585,1
0.61504555,1.5127282,1
2.5866337,2.7609124,2
4.0568957,3.7273798,2
5.9583645,5.2282095,0
6.5731826,5.597347,0
6.602467,5.699785,0
6.8547235,5.885915,0
6.5364494,5.484475,0
5.961413,4.9693017,0
6.6894135,5.6505795,0
6.6030087,5.640391,0
6.20784,5.317142,0
6.3691864,5.455225,0
6.0807652,5.0448203,0
5.965753,5.024026,0
5.711386,5.0623393,0
5.1623583,4.59894,0
5.729967,4.942944,0
5.1134343,4.508122,0
5.4674625,4.880156,0
5.6472125,4.959459,0
5.1014857,4.447764,0
5.6946697,4.9826126,0
5.6540675,4.9790444,0
5.5977564,4.875914,0
6.018705,4.9900827,0
5.7267895,4.863701,0
5.7025766,5.0724654,0
5.3594894,4.6477695,0
6.0090957,5.3426857,0
5.5936093,4.972593,0
5.224142,4.5283475,0
4.3026786,3.852113,2
4.269685,3.8202367,2
4.2900753,3.8431168,2
4.3052297,3.8391998,2
3.2270422,3.1713502,2
-0.62378,0.53110534,1
-0.89387476,0.3413762,1
-1.2360078,0.13947427,1
-1.5208919,-0.055438843,1
-1.626461,-0.1422831,1
-1.4597715,-0.07098154,1
-0.5370525,0.6088031,1
0.679974,1.5618855,1
2.9062464,2.9541464,2
4.7013516,4.120103,2
5.877413,5.205608,0
6.35534,5.581513,0
6.158387,5.2424755,0
6.623911,5.6169314,0
6.4943953,5.6707435,0
5.7594953,4.79546,0
6.25024,5.412461,0
5.689739,4.7921653,0
5.8025484,5.1264668,0
6.042543,5.3151693,0
5.830347,5.024154,0
5.9813757,5.251241,0
5.6097555,4.8464475,0
5.506553,4.862972,0
5.036338,4.3474655,0
5.307988,4.6388845,0
5.5188684,4.8990664,0
5.5871778,4.8543444,0
5.217081,4.5750136,0
5.8465075,5.002739,0
6.5052056,5.6714945,0
5.627209,4.799928,0
6.429564,5.5744023,0
5.498568,4.713803,0
6.1642265,5.4159374,0
5.8565826,5.021168,0
5.44493,4.6865654,0
5.517112,4.8142085,0
4.6191177,4.051067,2
4.2802114,3.8240297,2
4.190587,3.770755,2
4.174312,3.760552,2
4.3248672,3.8633687,2
3.3370032,3.2472343,2
2.9133604,2.9690742,2
-0.776745,0.38254222,1
-1.0044146,0.2925136,1
-1.544934,-0.07177997,1
-1.4017347,0.021911982,1
-1.6236093,-0.19679588,1
-1.6039969,-0.15939097,1
-0.54231244,0.612638,1
0.51478,1.420162,1
2.8574407,2.9209962,2
5.6590376,4.996168,0
6.1327457,5.4376636,0
6.2623677,5.4902587,0
6.7017956,5.771245,0
6.664355,5.7607336,0
6.3462367,5.5421476,0
6.1440306,5.1753197,0
6.5479183,5.5350075,0
6.5689893,5.5811496,0
6.036728,5.110567,0
5.7897115,4.910927,0
6.1972566,5.321266,0
6.5433993,5.5840435,0
5.369317,4.7226777,0
4.6521173,4.1116,0
5.0168033,4.317501,0
5.386194,4.638274,0
5.744197,5.0652366,0
6.59063,5.6784735,0
6.5147243,5.570286,0
5.9293504,5.026558,0
6.197577,5.3903146,0
6.730176,5.774865,0
6.742224,5.7868586,0
6.332566,5.581489,0
6.1909633,5.411944,0
6.1421247,5.4177284,0
6.3318124,5.4843616,0
5.7077646,5.0536537,0
4.604558,4.0480623,2
4.322064,3.8554447,2
4.21735,3.7747142,2
4.292474,3.8591847,2
4.184278,3.7718008,2
4.3656487,3.8876455,2
3.3064203,3.2288835,2
2.9966319,3.0218694,2
-1.0907087,0.18731292,1
-1.4097908,0.020981567,1
-1.5718203,-0.118843615,1
-1.3217274,0.055012416,1
-1.7403398,-0.25013506,1
-1.6579629,-0.15587895,1
-0.64021766,0.5572508,1
0.80812615,1.6161557,1
3.3088365,3.2272577,2
6.3061695,5.5298815,0
6.1580553,5.4221973,0
6.346428,5.585432,0
5.819604,5.1827774,0
6.7270555,5.761018,0
6.5734296,5.570574,0
6.866982,5.884308,0
6.1714463,5.2733946,0
6.602152,5.6477127,0
5.593452,4.7945,0
6.462867,5.5262237,0
5.6526318,4.8838916,0
5.2751646,4.5908523,0
5.5314674,4.747744,0
5.0972457,4.4730554,0
5.2178698,4.5483704,0
5.209025,4.5417743,0
5.3093357,4.7034225,0
6.6355963,5.667339,0
5.263201,4.59116,0
5.875028,5.1606245,0
5.908575,5.0942006,0
5.714742,4.975633,0
6.358698,5.5992827,0
5.749887,4.9914436,0
5.6139717,4.781937,0
5.263731,4.596218,0
6.166552,5.3719535,0
6.3386188,5.5226307,0
5.835819,4.9517484,0
4.3338876,3.8660808,2
4.180931,3.765855,2
4.2271466,3.792942,2
4.194377,3.7708743,2
4.2611766,3.8045893,2
4.3351846,3.8698435,2
3.321907,3.2394848,2
-0.8563612,0.3561727,1
-1.406965,0.040038623,1
-1.1834269,0.11865793,1
-1.2989066,0.11100533,1
-1.5821856,-0.053657107,1
-1.1080699,0.26252842,1
-1.3869972,0.02321178,1
-0.555115,0.7014676,1
0.8197798,1.6137464,1
2.8925312,2.9398315,2
6.36397,5.563191,0
5.3335757,4.6090956,0
6.7863364,5.839604,0
6.3089023,5.4874887,0
5.7450795,4.969467,0
6.520038,5.5528355,0
6.40745,5.38098,0
6.440234,5.5758557,0
6.6507964,5.759074,0
5.6508236,4.7329183,0
6.54048,5.548342,0
6.082249,5.339193,0
5.512848,4.7293367,0
5.4340115,4.650719,0
5.404501,4.573656,0
5.0971866,4.490646,0
5.3942294,4.6192074,0
5.6542954,4.6958647,0
5.576524,4.779797,0
5.6556396,4.9003115,0
6.608781,5.7201314,0
6.48984,5.6067085,0
6.6876893,5.669461,0
6.527903,5.6789694,0
5.7961187,5.0269055,0
5.876676,5.058404,0
5.532615,4.874706,0
6.236466,5.372113,0
4.7283306,4.1317,2
4.5341797,3.9922013,2
4.33675,3.86965,2
4.263642,3.8159685,2
4.350438,3.8698854,2
4.265378,3.8087623,2
4.2223244,3.8853421,2
4.037313,3.6822836,2
3.1308756,3.1085157,2
-0.36701226,0.70947504,1
-0.9598672,0.3243528,1
-1.7065305,-0.21024089,1
-1.5461564,-0.14165367,1
-1.7483438,-0.2441628,1
-1.5360875,-0.19494231,1
-1.6681087,-0.18097587,1
-1.5747554,-0.14081882,1
-0.3118966,0.77341825,1
1.2962021,1.9263691,1
3.5075893,3.3573055,2
6.130721,5.391059,0
5.6555433,4.870848,0
6.7342186,5.803859,0
6.8037896,5.8406262,0
6.5721955,5.5830193,0
6.709211,5.719926,0
6.371036,5.481811,0
6.357108,5.384611,0
6.075957,5.308852,0
6.412133,5.525685,0
5.2859697,4.5469227,0
5.829983,5.093271,0
4.9583774,4.298255,0
5.3154054,4.6521444,0
5.2069,4.545513,0
5.3924003,4.7181325,0
5.7532773,5.1271996,0
6.138855,5.3951044,0
5.694615,5.0275044,0
6.1823525,5.395945,0
6.315524,5.555013,0
6.4983544,5.492745,0
5.8377934,5.1307707,0
5.8332133,5.1536307,0
5.3829813,4.754715,0
5.38566,4.6093745,0
6.0103946,5.128224,0
4.564159,4.0131125,2
4.3957963,3.905998,2
4.3541822,3.8776371,2
4.245119,3.805584,2
4.2074347,3.7797558,2
4.2474103,3.8126688,2
4.270267,3.828348,2
3.1626513,3.1233122,2
2.9186096,2.9709327,2
3.0585287,3.0591962,2
2.3242886,2.5630598,2
-0.7408496,0.4510241,1
-0.8104224,0.40814963,1
-1.2292439,0.16452794,1
-1.1993386,0.1404157,1
-1.2717878,0.12357717,1
-1.2810645,0.03503256,1
-1.4053174,0.0044846227,1
-0.37692064,0.8276368,1
1.2598966,1.9152427,1
3.5128105,3.3515184,2
5.7229705,5.0629773,0
4.9736066,4.431613,0
6.8060675,5.838446,0
6.699696,5.7410345,0
6.477864,5.650841,0
6.456368,5.49145,0
6.813866,5.8078814,0
5.404657,4.6859655,0
5.820961,4.9311705,0
5.7829833,4.8570457,0
5.6808906,4.816852,0
5.6248326,4.9313107,0
4.9026756,4.262165,0
5.6568027,5.0044746,0
5.730647,5.016776,0
5.4538827,4.8062444,0
5.928287,5.025033,0
5.6734405,5.034235,0
5.8454537,5.2025948,0
5.9651995,5.121235,0
5.9175205,5.2705703,0
6.2889504,5.4816604,0
5.625812,4.903652,0
5.391716,4.627057,0
4.701157,4.1053853,2
4.398794,3.9118266,2
4.555392,4.0109878,2
4.3524203,3.8883328,2
4.348409,3.8808355,2
4.310876,3.8523695,2
4.260858,3.8185813,2
4.2339764,3.8011322,2
4.279331,3.837259,2
4.3065042,3.844651,2
3.282697,3.198611,2
3.379674,3.2599552,2
3.2632034,3.1861386,2
3.0567944,3.0571725,2
2.3852136,2.6066496,2
-1.0778472,0.22133668,1
-0.68559325,0.4471138,1
-0.6081152,0.53263277,1
-1.5037922,-0.079050064,1
-1.1613586,0.12652496,1
-1.6697148,-0.18700893,1
-1.3942486,0.06691291,1
-1.2521846,0.08324504,1
-0.4858512,0.75535387,1
0.706468,1.504884,1
2.631816,2.7896857,2
3.738509,3.5182412,2
6.029839,5.314882,0
4.831794,4.249759,0
6.782088,5.8224998,0
6.5729804,5.5474167,0
6.6605167,5.6119146,0
6.480107,5.4216704,0
6.1215076,5.363954,0
5.6188717,4.701486,0
6.2762976,5.345912,0
5.741174,4.823671,0
5.6592016,4.7771626,0
5.531891,4.6596847,0
5.4124794,4.654715,0
5.038199,4.4032927,0
5.8707204,5.0963907,0
5.5155797,4.8267984,0
6.1976204,5.4390874,0
5.0891423,4.4779162,0
5.994193,5.1779594,0
5.4899106,4.7013035,0
5.7767234,4.959895,0
5.9348063,5.2116127,0
5.7255716,5.0953727,0
5.003996,4.2999063,0
4.6742144,4.0919223,2
5.4179196,4.7065663,0
5.256563,4.6541696,0
6.0534263,5.4113293,0
5.337353,4.7154627,0
4.7141724,4.13125,2
4.5611653,4.024365,2
4.5914435,4.033641,2
4.523409,3.9897363,2
4.3053746,3.8463542,2
4.2541304,3.8135102,2
4.187316,3.7717187,2
4.134299,3.7432694,2
3.410742,3.2797966,2
3.1354544,3.1067035,2
3.0481377,3.0557601,2
3.0686255,3.0702162,2
2.295992,2.541642,2
-0.5974438,0.5760946,1
-1.1414583,0.18231955,1
-1.2617402,0.11708419,1
-1.4551725,-0.0316135,1
-1.6636925,-0.13047399,1
-1.3757205,0.079617426,1
-1.2596279,0.12975769,1
-0.42477262,0.75329876,1
0.9190579,1.6463546,1
3.0344992,3.04217,2
6.081271,5.371842,0
6.1614504,5.417405,0
5.753901,5.096695,0
6.1994786,5.357879,0
6.6068597,5.635507,0
6.6991444,5.7604527,0
6.1525073,5.2392917,0
5.545092,4.7015996,0
5.5658774,4.6687293,0
5.6573477,4.727528,0
6.5079813,5.6027203,0
6.242468,5.405571,0
5.526707,4.7127295,0
4.6808224,4.1433043,0
4.9887156,4.3619976,0
5.378169,4.529269,0
5.503817,4.900765,0
5.9725213,5.1620193,0
5.6730366,5.0869613,0
6.2273254,5.464789,0
5.326538,4.606596,0
6.5046525,5.584133,0
5.6153684,4.930035,0
5.4595404,4.594238,0
5.3756633,4.732517,0
5.7588534,5.0277987,0
5.7383714,4.9546056,0
5.376254,4.7192307,0
5.290431,4.7208557,0
5.3800383,4.614889,0
6.1870685,5.341525,0
5.7024693,5.0424376,0
5.14706,4.4183617,0
6.0394583,5.1591682,0
4.613316,4.1027207,0
4.894954,4.3236628,0
4.3035,3.8592067,2
4.352886,3.8811197,2
4.226479,3.8002565,2
4.3873177,3.8996863,2
4.1267757,3.7350504,2
4.0607033,3.6952713,2
3.1061025,3.0926135,2
-0.652595,0.51384985,1
-0.7451674,0.45213678,1
-1.0532941,0.28053308,1
-1.127461,0.17321545,1
-1.4072858,-0.09154184,1
-1.1874759,0.15848403,1
-1.351206,0.040684275,1
-1.4799566,0.00170558,1
-1.4534726,0.00900489,1
0.6816444,1.5112942,1
2.5973535,2.7666874,2
4.8719854,4.369984,0
6.5482926,5.69343,0
5.367052,4.658737,0
6.139099,5.317885,0
5.9894433,5.126393,0
6.821074,5.8359933,0
6.4640403,5.4601035,0
5.8321238,5.1630754,0
5.3755007,4.5697813,0
5.2984395,4.505307,0
5.426993,4.594572,0
5.6530404,4.803128,0
5.5214777,4.642837,0
5.0843306,4.507885,0
5.805844,4.982919,0
5.08416,4.362593,0
5.208157,4.584239,0
4.7333875,4.1888723,0
5.720294,5.063885,0
6.1162705,5.35321,0
5.607895,4.9322524,0
5.976574,5.1572256,0
6.055756,5.357546,0
6.5944676,5.718634,0
6.633039,5.661132,0
6.6673517,5.6840715,0
6.4580364,5.467302,0
6.3295965,5.470123,0
5.7908444,5.0506434,0
5.149082,4.516893,0
5.320896,4.642376,0
6.1164436,5.3716326,0
5.0558147,4.4956512,0
5.257608,4.535282,0
5.127031,4.4788866,0
5.273501,4.445032,0
5.7098184,4.8937116,0
5.3592978,4.70359,0
4.6584325,4.086457,2
4.606274,4.1004868,2
4.368278,3.8959184,2
4.3110027,3.8517087,2
4.231502,3.793757,2
3.8251634,3.5498857,2
2.8319633,2.910788,2
2.4896345,2.6799784,2
-0.95368755,0.33745688,1
-0.746871,0.45344213,1
-1.4438015,-0.05538424,1
-1.1687434,0.10260658,1
-1.671572,-0.17626613,1
-1.5944754,-0.07068844,1
-1.5313346,-0.07038841,1
-1.1340328,0.192034,1
-1.3566537,0.015553877,1
0.7573576,1.5544703,1
2.8439498,2.92131,2
5.89159,5.2050247,0
5.7395287,5.081986,0
5.955237,5.259366,0
6.717113,5.797364,0
6.733152,5.74073,0
6.6345344,5.6135736,0
6.286575,5.511928,0
6.615565,5.6093397,0
5.7054186,5.073454,0
5.4562216,4.568517,0
5.0556784,4.314323,0
5.149171,4.4012504,0
5.5063515,4.675592,0
5.540982,4.615155,0
4.694258,4.1366267,0
5.447586,4.63887,0
5.5585995,4.7158475,0
5.9679837,5.299878,0
5.9201384,5.075523,0
5.3069043,4.665646,0
5.3027444,4.5096326,0
6.4389496,5.570662,0
6.8608546,5.886018,0
5.9469357,4.9488363,0
6.437219,5.2857842,0
6.510516,5.443441,0
6.8153358,5.7971716,0
5.6377053,4.955956,0
5.206599,4.5427365,0
5.1668487,4.5301723,0
5.9653134,5.1131043,0
5.3030286,4.6736803,0
5.2214217,4.5555744,0
5.1731076,4.600577,0
4.741154,4.174987,0
4.844956,4.238737,0
5.4416485,4.574239,0
5.0887957,4.4393144,0
5.259426,4.571578,0
4.940447,4.370606,0
5.2728286,4.471288,0
6.2311177,5.2378836,0
4.629665,4.051452,2
4.948947,4.2985616,0
4.8996935,4.179405,0
3.2085881,3.1567547,2
3.1520019,3.1215682,2
-0.63581204,0.5079205,1
-0.99264944,0.3305498,1
-1.412228,-0.08118355,1
-1.2440755,0.03259811,1
-1.4604089,-0.038025327,1
-1.5635862,-0.13719288,1
-1.5174577,-0.020644749,1
-1.5655544,-0.18245462,1
-1.3080833,0.021838428,1
0.73284745,1.621407,1
2.8558066,2.918352,2
6.2600822,5.4621196,0
6.41388,5.613493,0
6.3740687,5.5500426,0
6.634028,5.7056985,0
5.59786,4.762262,0
5.9968104,5.086108,0
5.966162,5.198505,0
5.7380404,4.9064946,0
5.5909686,4.6773357,0
5.5519295,4.870074,0
4.7169113,4.1469455,0
5.478555,4.6929755,0
5.551595,4.6803026,0
5.2373824,4.573066,0
5.5072646,4.6748905,0
4.8928638,4.189041,0
5.2377424,4.4673867,0
5.580478,4.750514,0
5.329707,4.5375123,0
5.7942734,5.029073,0
6.5626264,5.6898856,0
5.47025,4.865881,0
6.510518,5.5136247,0
6.4482274,5.313409,0
6.453255,5.3288136,0
6.5417542,5.50117,0
6.3425555,5.428967,0
5.96553,5.1561575,0
5.07775,4.4700923,0
5.2239323,4.619016,0
5.410864,4.8189964,0
5.243422,4.614804,0
4.802129,4.2037,0
5.0387874,4.4120536,0
5.069479,4.3202515,0
5.0435934,4.3432493,0
5.405351,4.533791,0
5.0930605,4.404644,0
6.0637,5.2470493,0
5.180563,4.6126575,0
5.1517167,4.4789896,0
5.2047453,4.4621587,0
6.701998,5.7487597,0
6.498751,5.542978,0
6.207418,5.1481266,0
5.6472497,4.688393,0
3.3837335,3.266104,2
3.0346682,3.0450237,2
-0.89073133,0.34524155,1
-1.1620852,0.15022069,1
-1.1704285,0.1626678,1
-1.5827743,-0.18264352,1
-1.5996882,-0.117923334,1
-1.4092202,0.09524659,1
-1.364747,0.08404127,1
-1.5912267,-0.16911885,1
-1.0420083,0.23320587,1
-1.5763338,-0.1159446,1
-0.70794106,0.59566444,1
0.5445104,1.4584163,1
2.6172628,2.779941,2
6.225941,5.4169707,0
5.820823,5.12858,0
6.1560307,5.3186626,0
6.157809,5.1923656,0
5.318538,4.4936967,0
5.9460325,5.1784053,0
6.3851466,5.532485,0
4.9896054,4.355577,0
5.660671,4.704093,0
5.497126,4.7229166,0
6.311499,5.493356,0
5.6071644,4.724654,0
5.009222,4.430469,0
4.9887156,4.420895,0
5.5163026,4.746847,0
5.0128284,4.3453918,0
5.292605,4.620706,0
5.1849055,4.522273,0
6.650795,5.6647725,0
6.434184,5.6099195,0
5.4734464,4.678481,0
5.390736,4.5661635,0
5.935059,5.131162,0
6.412997,5.4351816,0
5.9313455,4.9272237,0
6.1129804,5.0641575,0
6.643491,5.6138654,0
6.5061636,5.5508533,0
6.553796,5.678221,0
5.528228,4.90656,0
6.3536963,5.452644,0
5.8425236,5.052424,0
5.0349092,4.367788,0
4.9631753,4.234648,0
4.642199,4.1008916,0
4.6127315,4.0787487,0
4.683085,4.1417103,0
5.0406084,4.349911,0
4.9023314,4.2067776,0
5.253289,4.53018,0
5.403321,4.625751,0
5.238153,4.674281,0
5.8419003,4.961793,0
5.7609463,4.8829927,0
5.625038,4.713541,0
6.4404497,5.33603,0
6.1305056,5.046222,0
3.8658962,3.5750477,2
3.2820745,3.2016277,2
2.4226594,2.6344566,2
-0.7010881,0.48625696,1
-1.1295004,0.19236939,1
-1.0195577,0.27323207,1
-1.3557513,0.091620676,1
-1.0255332,0.21382836,1
-1.3772703,0.08787358,1
-1.1853837,0.15688902,1
-1.4217423,0.0039906027,1
-1.3405914,0.029599503,1
-0.3689435,0.7640062,1
0.75979495,1.5482655,1
3.1469443,3.119739,2
5.0423365,4.4964633,0
6.067919,5.3319225,0
6.120739,5.2578244,0
6.608652,5.6064324,0
6.65116,5.6463957,0
5.5694942,4.724424,0
6.5004306,5.5109525,0
5.6724377,4.8935375,0
6.2903004,5.3731623,0
5.6097665,4.6701865,0
5.677575,4.817724,0
5.0044374,4.431825,0
4.9580483,4.394842,0
4.971984,4.4054866,0
5.465059,4.662076,0
5.747892,5.1177087,0
5.222502,4.5497336,0
5.5670314,4.81363,0
5.8591084,5.0042973,0
5.357713,4.7413225,0
5.9670124,5.1485987,0
5.7137017,5.0517416,0
5.870448,4.9152217,0
5.564919,4.6002774,0
6.8430095,5.8197856,0
6.172333,5.1472893,0
6.249728,5.328435,0
5.108096,4.3985267,0
5.457127,4.6649623,0
5.0856857,4.4420056,0
5.263695,4.463127,0
5.406405,4.690311,0
5.311472,4.530344,0
4.7592344,4.1525216,0
4.6857505,4.1197534,0
4.9934754,4.2851653,0
4.676981,4.12219,0
4.9530063,4.2242436,0
4.9564285,4.221278,0
5.8535075,5.1192274,0
6.5197434,5.5623536,0
6.090267,5.1677327,0
6.5377383,5.517483,0
6.3889227,5.40073,0
5.664631,4.6824102,0
6.1088433,5.084811,0
5.9589424,4.9262195,0
6.22829,5.16342,0
5.7604346,4.7693686,0
2.915332,2.959813,2
2.375143,2.598896,2
2.2475626,2.5104508,2
-0.5520228,0.54457617,1
-0.86950177,0.37651315,1
-0.9148583,0.3300191,1
-1.2065594,0.14067477,1
-1.3671974,-0.008471897,1
-1.3244077,0.05981295,1
-1.1490436,0.15534066,1
-0.94004077,0.28996682,1
-1.2490298,0.16820297,1
-0.28942752,0.8372002,1
0.78341204,1.6582869,1
3.6781187,3.4740841,2
6.5420766,5.640749,0
5.7731285,4.9991965,0
5.051636,4.338799,0
5.4366555,4.7299957,0
6.4454875,5.410965,0
5.3716116,4.511538,0
5.680112,4.8487988,0
5.9038115,5.014235,0
6.2496715,5.2137914,0
5.6165953,4.737196,0
6.24978,5.3388834,0
4.997266,4.419104,0
4.9488487,4.385037,0
4.9738536,4.4061766,0
4.878857,4.261374,0
5.5097413,4.7174907,0
5.8772283,5.0152283,0
5.2099395,4.5398073,0
5.4092317,4.6179805,0
4.9656143,4.346867,0
5.5528917,4.7377796,0
5.5507116,4.678164,0
5.8141384,4.8539696,0
5.585962,4.7020373,0
5.26932,4.4402122,0
6.6459827,5.6954246,0
5.2896686,4.558112,0
5.900889,5.2295465,0
5.071678,4.4832892,0
5.1274967,4.4729753,0
4.228027,3.8152325,2
4.978999,4.3349566,0
4.9153686,4.2347174,0
4.91997,4.2148895,0
4.7035003,4.1379075,0
4.7226357,4.1641054,0
4.7909236,4.1890078,0
4.735179,4.1502237,0
4.7395935,4.1370335,0
5.303119,4.5217633,0
6.243501,5.259425,0
5.9278884,5.129462,0
5.645274,4.7118254,0
5.9374266,5.0716915,0
6.2039747,5.2297683,0
6.095757,5.0756326,0
5.498794,4.6122537,0
6.2977414,5.20893,0
5.4782248,4.5590224,0
3.3437123,3.2404149,2
3.3218598,3.232682,2
3.2421103,3.1782691,2
3.3267553,3.2310858,2
2.9370573,2.9823024,2
-1.0139316,0.3124207,1
-1.4196266,-0.01638843,1
-1.5811311,-0.16251805,1
-1.5265449,-0.22728245,1
-1.2783943,0.08346351,1
-1.2160678,0.12747774,1
-0.34983644,0.77888,1
0.9852316,1.701992,1
3.8486125,3.5864553,2
6.415765,5.615436,0
5.806282,5.0367503,0
6.375813,5.4100895,0
6.1827536,5.271394,0
5.312863,4.572523,0
5.2911205,4.4388747,0
5.4608345,4.592956,0
5.663743,4.6799445,0
5.8925123,5.0394783,0
6.3825035,5.348982,0
5.478252,4.7686663,0
4.9609404,4.3972006,0
4.960197,4.3965225,0
5.26292,4.5487413,0
5.120697,4.432851,0
5.491237,4.7154307,0
5.7794785,4.854517,0
5.45284,4.8332996,0
5.4351215,4.7018147,0
4.9899216,4.3484483,0
6.300442,5.1828947,0
5.375862,4.4773917,0
6.200902,5.0834355,0
6.443642,5.296711,0
5.5112505,4.724861,0
5.7069845,5.000589,0
5.172294,4.5485754,0
4.7089143,4.149994,0
5.269791,4.5722675,0
5.2737007,4.4348516,0
4.6941156,4.1236935,0
5.170624,4.4002404,0
5.202972,4.3960805,0
4.742549,4.132509,0
4.8366084,4.1697726,0
5.370309,4.6165667,0
5.3399353,4.5633006,0
4.793247,4.162473,0
4.163149,3.7663338,2
5.6977415,4.9040217,0
6.5673504,5.6143203,0
5.8511896,5.033884,0
6.66266,5.6121683,0
5.5931273,4.800985,0
5.1089206,4.3545313,0
5.9890018,5.1167755,0
6.4824257,5.3738723,0
6.2248716,5.142846,0
5.7597013,4.8015347,0
5.737007,4.803752,0
6.576502,5.538985,0
5.7425675,4.782736,0
5.5300198,4.6106005,0
3.2537742,3.1854906,2
2.381296,2.59595,2
-1.1980424,0.16121288,1
-1.5998571,-0.1303839,1
-1.6297307,-0.14401728,1
-1.3481395,-0.025390316,1
-1.3746102,-0.03893214,1
-0.3776508,0.7379346,1
2.521582,2.7182186,2
4.891513,4.382542,0
6.1183057,5.37484,0
6.350196,5.4569235,0
6.4309797,5.562298,0
5.428735,4.739249,0
6.044361,5.149284,0
5.5853667,4.7658195,0
5.4089494,4.7607336,0
5.97498,4.9781814,0
5.6957293,4.730794,0
6.5622134,5.65168,0
5.9541225,4.9882374,0
4.957321,4.3942776,0
4.956622,4.393873,0
5.0511184,4.4612503,0
5.753168,4.8924856,0
5.316971,4.5908165,0
5.7219644,4.798665,0
4.9237165,4.260298,0
4.960734,4.348173,0
5.242194,4.4661517,0
6.1434107,5.030972,0
5.6702213,4.6615963,0
6.402274,5.24672,0
6.4160714,5.2546434,0
6.5710435,5.551622,0
5.250989,4.60238,0
5.2559404,4.6535754,0
5.0776477,4.4193106,0
5.3709145,4.6664157,0
5.130244,4.341294,0
5.2661104,4.5334206,0
4.8424892,4.277627,0
4.9455094,4.2129974,0
4.68596,4.121262,0
4.99307,4.36582,0
4.9164767,4.2202983,0
5.41748,4.628181,0
4.980982,4.286015,0
5.6873274,4.7462234,0
4.920359,4.243569,0
6.238094,5.3282967,0
6.306282,5.2527823,0
5.9104643,5.003136,0
6.163786,5.286532,0
4.861605,4.2475233,0
5.5310893,4.5946693,0
5.5253253,4.689647,0
5.637421,4.7549324,0
5.993819,4.971292,0
6.6416545,5.582323,0
5.3958163,4.4975576,0
6.4762197,5.450745,0
5.2770886,4.4653783,0
3.2332878,3.1718216,2
2.3317416,2.5697486,2
-0.7040168,0.46013442,1
-1.5944202,-0.24454068,1
-1.4026332,0.026428659,1
-1.6392694,-0.14461748,1
-1.2748694,0.073666036,1
-0.46536115,0.7597318,1
0.5671956,1.4982814,1
3.1002238,3.089506,2
5.418368,4.6605477,0
5.709353,4.7981663,0
6.5141997,5.507525,0
6.452924,5.4661098,0
5.951557,5.0619073,0
5.4022293,4.644014,0
5.751602,4.8189096,0
6.553754,5.5672307,0
5.591892,4.7000914,0
6.612501,5.580485,0
6.6024036,5.5871763,0
5.9871936,5.134055,0
5.004341,4.431334,0
4.9871697,4.414627,0
5.9056797,4.943369,0
5.73968,4.8703647,0
4.674462,4.12191,0
5.1139574,4.4903097,0
4.708423,4.1384535,0
4.748339,4.181553,0
5.567718,4.6710076,0
6.4524093,5.2940974,0
6.154648,5.03384,0
6.4241705,5.262657,0
6.4509964,5.302016,0
6.3308473,5.259774,0
4.8901563,4.3074627,0
4.983116,4.3722715,0
5.078192,4.404036,0
5.387593,4.6243854,0
5.025265,4.3554177,0
5.21578,4.380625,0
5.3629537,4.516505,0
5.838086,4.977126,0
5.5430365,4.7137914,0
5.0903835,4.3156214,0
5.2763414,4.526627,0
4.847584,4.155199,0
4.972737,4.2630734,0
5.34561,4.67597,0
5.1550403,4.426259,0
5.3658724,4.476161,0
5.422663,4.62372,0
5.6451845,4.6956425,0
5.4587398,4.73771,0
5.1708016,4.39124,0
4.961488,4.324144,0
5.547002,4.81035,0
5.4135475,4.7217736,0
6.6894584,5.648044,0
6.14033,5.1224184,0
5.7911425,4.8574133,0
6.3382335,5.272051,0
5.716169,4.786172,0
3.242399,3.178821,2
-0.45960984,0.58960176,1
-1.0941176,0.22677526,1
-1.5120441,-0.0031650576,1
-1.4830801,-0.029534776,1
-1.6204481,-0.18473041,1
-1.60675,-0.09046775,1
-0.68214375,0.6244992,1
0.7955753,1.5654998,1
3.2013893,3.1534445,2
6.291795,5.4570503,0
5.77673,4.9872446,0
6.211285,5.2422667,0
6.2573566,5.318324,0
6.268086,5.2950997,0
5.102456,4.395851,0
5.5671177,4.6931148,0
5.953534,4.9790754,0
4.9728003,4.2641706,0
6.342863,5.4997506,0
6.3944716,5.39074,0
6.626808,5.5820494,0
5.388719,4.5340457,0
5.9638247,5.2103314,0
5.1525064,4.507197,0
6.4467354,5.423945,0
5.233611,4.449285,0
5.0086784,4.311304,0
4.706408,4.144931,2
4.8156905,4.231499,0
5.4651084,4.679418,0
6.5754313,5.481659,0
6.4668384,5.309113,0
6.4030023,5.244984,0
5.3731875,4.4949074,0
5.7568936,4.892589,0
5.3013477,4.6653905,0
5.7318215,4.9728417,0
5.1985655,4.45325,0
5.608124,4.7796607,0
5.290099,4.5927567,0
5.4577975,4.7117476,0
5.7469163,4.848097,0
6.11309,5.2789598,0
5.3645124,4.547546,0
5.1686573,4.3658314,0
5.3882627,4.6418357,0
4.948303,4.2046237,0
5.024001,4.381859,0
5.360106,4.5363474,0
5.120978,4.296764,0
5.462557,4.7341366,0
5.5601277,4.693052,0
5.083845,4.424863,0
5.6145306,4.7376714,0
4.9281745,4.225833,0
6.542453,5.5964527,0
5.763884,5.0466933,0
5.297709,4.475871,0
6.2472315,5.266652,0
5.5517225,4.6913414,0
5.6490116,4.917674,0
5.7276154,4.804814,0
6.07506,5.0636306,0
3.2932398,3.2117205,2
-0.4030019,0.67645854,1
-0.8403976,0.40632,1
-1.3923253,0.024616063,1
-1.2615628,0.085668586,1
-1.4085394,-0.11483449,1
-0.5765197,0.66893464,1
0.8501176,1.5930055,1
2.8999312,2.9535303,2
4.9114532,4.4151387,0
5.8933005,4.9197445,0
5.728839,4.8945246,0
5.6081753,4.6393976,0
5.53611,4.6200504,0
6.207443,5.302857,0
6.074113,5.1015677,0
6.015033,5.02694,0
5.2088284,4.451665,0
6.572296,5.5988255,0
5.168481,4.3947244,0
5.937712,4.944418,0
5.608856,4.6822047,0
5.3368645,4.522745,0
5.7325997,4.7850356,0
4.994605,4.236891,0
5.076453,4.3154263,0
5.1797466,4.4345355,0
4.8898473,4.2287188,0
4.9412904,4.308018,0
4.934634,4.325121,0
5.5849113,4.746239,0
6.064166,5.0246143,0
5.6493006,4.7525325,0
5.4175844,4.571417,0
4.7115498,4.1468444,0
5.276424,4.621586,0
5.204488,4.5709987,0
4.839206,4.270509,0
5.6839013,5.062523,0
6.0099344,5.2613683,0
4.9277773,4.288512,0
5.542106,4.703435,0
5.1286473,4.4429526,0
6.2386503,5.183361,0
5.677368,4.9616714,0
5.7467394,5.080694,0
5.1269827,4.465135,0
5.504932,4.6953907,0
5.5581174,4.774237,0
6.440902,5.567013,0
5.213632,4.4163666,0
5.029139,4.243458,0
4.8045626,4.233104,0
5.2176027,4.43024,0
4.852997,4.198147,0
6.355323,5.31891,0
6.289657,5.29145,0
5.0366526,4.349761,0
5.6027555,4.6935945,0
5.6512613,4.937018,0
6.4222565,5.414808,0
5.850675,4.9303575,0
6.1132255,5.0675926,0
3.5727303,3.3912613,2
2.620417,2.7699296,2
-0.8368522,0.42385915,1
-0.83465314,0.42505383,1
-1.3148675,0.12189159,1
-1.6165301,-0.07477503,1
-0.21055062,0.857894,1
1.2059449,1.8687668,1
3.8296328,3.5586023,2
5.905896,4.93554,0
5.7673583,4.9321256,0
6.2609997,5.241351,0
6.045828,5.041322,0
5.3922806,4.5318246,0
5.394534,4.6322594,0
5.720339,4.7172766,0
6.3897195,5.4265165,0
6.661545,5.724673,0
6.1262655,5.2640595,0
5.869866,4.877591,0
6.3191853,5.3231688,0
5.4905357,4.6562905,0
5.339726,4.4751787,0
5.8914614,4.9650054,0
5.196296,4.392624,0
5.4652286,4.604909,0
5.512662,4.543895,0
4.573366,4.004935,2
5.219751,4.603153,0
5.0883913,4.4642024,0
5.613156,4.7909193,0
5.0272584,4.408205,0
5.0456758,4.359748,0
5.5951657,4.637079,0
4.8968034,4.3170176,0
5.64932,4.989569,0
4.781206,4.1921663,0
4.9712563,4.3154144,0
4.7684693,4.1702743,0
5.649546,4.8329935,0
5.479595,4.7250814,0
5.2791076,4.5385294,0
6.0932584,5.2005453,0
5.105092,4.3876634,0
5.6777234,4.7758904,0
5.5320544,4.803463,0
5.695908,4.7411613,0
5.5046873,4.7516174,0
5.4281163,4.7872095,0
5.332545,4.707595,0
5.8363767,4.9761376,0
5.4914255,4.7464204,0
5.093583,4.392724,0
5.554601,4.681984,0
5.172464,4.373866,0
5.475666,4.555202,0
5.111292,4.3775625,0
5.240078,4.4125957,0
6.2270975,5.205573,0
6.2413173,5.293443,0
6.022215,5.082373,0
5.7715545,4.918655,0
6.3955083,5.426513,0
3.92511,3.6172194,2
2.802597,2.8966167,2
-0.5125228,0.60290796,1
-0.5835765,0.5333552,1
-1.2570114,0.115187466,1
-1.0838099,0.22535227,1
-0.2637155,0.8155618,1
2.5513344,2.7336018,2
4.186241,3.7998235,2
6.07421,5.29581,0
6.0709724,5.068445,0
5.9009705,4.9304214,0
6.162428,5.1702256,0
5.568442,4.6643476,0
5.7815623,4.8578653,0
5.8971386,4.899505,0
6.0827613,5.0932403,0
6.237725,5.471385,0
6.158466,5.2734885,0
5.882097,5.02244,0
5.0501604,4.3710566,0
5.9609933,4.9803324,0
5.415015,4.5176105,0
4.9358616,4.1982365,0
5.1422014,4.3454337,0
5.0210524,4.254387,0
5.9245024,4.9445844,0
5.1340413,4.3105125,0
5.388113,4.616267,0
5.0573206,4.400684,0
5.160196,4.4498134,0
5.3106194,4.5697556,0
5.183226,4.5555925,0
5.5798798,4.8041415,0
5.391746,4.6298594,0
5.095591,4.475385,0
5.1382465,4.5141435,0
4.6750765,4.1178203,0
5.0815616,4.342659,0
5.6797304,5.0157804,0
4.90252,4.309862,0
5.58861,4.7666655,0
5.524168,4.7460184,0
5.487402,4.7411075,0
6.055276,5.105848,0
5.7500906,5.0364547,0
5.655208,4.990344,0
5.661285,5.0060906,0
5.3483057,4.711378,0
5.2132244,4.5683317,0
5.2694254,4.591148,0
4.7729754,4.1936812,0
5.2901087,4.633101,0
5.934914,5.0733,0
5.5502896,4.639442,0
5.494748,4.5775986,0
5.1245418,4.393845,0
5.427592,4.5326915,0
5.7489433,4.7969303,0
5.4357357,4.5252805,0
6.050253,5.1176763,0
6.0284863,5.11957,0
5.7130666,4.739077,0
5.118414,4.501339,0
3.0512552,3.056685,2
2.4778607,2.687532,2
-0.44616094,0.60947835,1
-0.89152,0.3617195,1
-1.4766256,-0.01570694,1
-1.5093961,-0.041940816,1
-0.29771474,0.8253804,1
-0.19447495,0.8923599,1
2.5281544,2.7192974,2
4.206789,3.8024316,2
5.6382284,4.8466167,0
5.6732206,4.8794456,0
6.0348196,5.1216106,0
5.2557592,4.411518,0
5.7335844,4.76519,0
6.05797,5.078891,0
6.1365705,5.2009664,0
6.010952,5.1274357,0
6.0829005,5.2185087,0
6.6667666,5.6542,0
6.315356,5.343203,0
5.881712,5.070121,0
4.7727375,4.144603,0
4.787626,4.1691236,0
5.175237,4.4222784,0
5.6151743,4.658814,0
5.060315,4.2585483,0
5.3984466,4.4832797,0
5.5814133,4.6228356,0
5.694324,4.707307,0
5.91987,4.9648314,0
6.133895,5.1778865,0
6.144807,5.188569,0
5.8606567,4.958788,0
5.241641,4.4989996,0
5.6215773,4.8991923,0
5.1173534,4.4092402,0
4.7663503,4.1866918,0
5.507311,4.8278375,0
5.267576,4.644194,0
5.757306,5.0172424,0
5.401052,4.7881494,0
5.6158466,4.7415247,0
5.4079113,4.690522,0
5.4651966,4.585553,0
5.0209613,4.3577113,0
5.8579087,5.024165,0
4.881297,4.27947,0
5.3140774,4.6128597,0
5.614465,4.7682605,0
5.5203066,4.814487,0
5.7277975,5.014478,0
5.459676,4.6264563,0
5.391857,4.741759,0
5.1856713,4.4219503,0
5.4995594,4.5691566,0
5.939643,4.9214563,0
5.384706,4.502527,0
5.38522,4.4902034,0
3.304471,3.2191148,2
3.528724,3.3640358,2
3.7441611,3.5007737,2
6.613059,5.6196933,0
5.8906,5.088303,0
6.296285,5.4223413,0
5.686147,4.9063344,0
2.8977878,2.9581153,2
-0.17956012,0.86306137,1
-1.0726682,0.30132815,1
-0.5635935,0.501123,1
-1.5609443,0.02427225,1
-1.3296461,-0.0075760186,1
-0.501574,0.7456361,1
0.78030986,1.5550818,1
3.131494,3.111766,2
4.7669964,4.1637535,2
5.8202114,4.8591824,0
5.953573,4.9553404,0
5.983361,5.0541415,0
5.966628,4.9835725,0
5.644565,4.7093186,0
5.185613,4.4260316,0
6.3577504,5.3072476,0
6.690688,5.6678977,0
6.060306,5.089785,0
5.836178,4.9623356,0
6.4963493,5.4963408,0
5.34109,4.44478,0
5.09738,4.394281,0
5.2716503,4.453292,0
5.23744,4.493342,0
5.0776205,4.2669706,0
4.8306875,4.2162213,0
5.2190843,4.4175544,0
5.3748302,4.456398,0
5.323319,4.436411,0
5.092379,4.340216,0
5.714592,4.74061,0
5.7372026,4.830271,0
5.199922,4.455318,0
5.138023,4.3470564,0
5.634013,4.7365456,0
4.693376,4.118432,0
5.052944,4.479245,0
5.121155,4.4193373,0
5.395501,4.505915,0
5.0916543,4.432293,0
5.55338,4.9512568,0
6.1011343,5.2719026,0
5.2493973,4.5951004,0
5.7514763,4.92452,0
5.492506,4.648411,0
5.1210594,4.439558,0
5.172525,4.50316,0
5.6352353,4.879479,0
5.666061,4.858832,0
5.1092415,4.4789195,0
4.8933325,4.2451215,0
5.3416495,4.680057,0
5.7072926,4.788296,0
5.5708604,4.9308367,0
5.757916,4.7607365,0
5.381496,4.5507245,0
4.9561677,4.2129116,0
3.5475974,3.3740401,2
5.2395916,4.37183,0
3.8656645,3.582824,2
5.966352,5.096369,0
5.487188,4.6879067,0
5.6699433,4.853458,0
6.069108,5.2853737,0
6.2024803,5.293581,0
2.863724,2.937385,2
0.89800996,1.6996739,1
-0.27240765,0.764696,1
-0.46152458,0.58808833,1
-1.5061675,-0.026522817,1
-1.5549055,-0.087807395,1
-1.0497509,0.23723018,1
-0.29852897,0.81741714,1
2.4650457,2.6721935,2
4.4016256,3.9413285,2
4.835719,4.1635237,0
5.174132,4.3418193,0
5.7901807,4.830126,0
5.696955,4.76616,0
5.8719373,4.941727,0
5.2848554,4.5944877,0
5.7317576,4.8735538,0
5.3257856,4.575751,0
6.3748937,5.436602,0
5.940238,5.203561,0
6.1607337,5.214782,0
6.303944,5.3790936,0
5.3366942,4.460933,0
5.3710127,4.478407,0
5.3303523,4.440816,0
5.030414,4.2482452,0
5.2009983,4.3795357,0
5.4737473,4.5434914,0
5.281451,4.3985457,0
5.551229,4.609325,0
5.4322557,4.517453,0
5.075398,4.3346066,0
4.669452,4.1065784,0
5.358536,4.4686475,0
5.0976043,4.3005447,0
4.9388466,4.2332616,0
5.168965,4.334507,0
5.3157244,4.43347,0
5.3575583,4.5404778,0
5.0849695,4.4352193,0
5.991853,5.0981784,0
5.2957067,4.598357,0
5.2201567,4.6035056,0
5.8979454,4.966783,0
5.815063,4.9871244,0
5.71068,4.8666344,0
5.0344357,4.3440957,0
5.9641914,5.0915127,0
5.4802003,4.6998014,0
6.0620627,5.101418,0
5.4454403,4.7777996,0
5.850093,5.078768,0
5.320448,4.672276,0
5.692787,4.894894,0
5.8093896,5.0459685,0
5.2608213,4.42043,0
6.509844,5.4455857,0
6.0064735,5.000289,0
5.959012,4.9744163,0
5.724393,4.8836627,0
5.928397,4.9178257,0
5.89699,4.963363,0
5.272096,4.4784217,0
5.844709,5.003657,0
5.865641,5.006798,0
6.425539,5.516805,0
6.5029335,5.641073,0
5.0345674,4.266241,0
2.6935036,2.8293133,2
0.761752,1.5166825,1
-0.3721787,0.6684489,1
-0.55771244,0.5475522,1
-0.6478484,0.53714985,1
-1.2663597,0.06177645,1
-1.4921824,0.045749873,1
-0.1054172,0.9628313,1
2.5031362,2.7038074,2
5.046495,4.28755,0
5.1245546,4.298925,0
5.2251573,4.363175,0
5.789414,4.824464,0
6.17183,5.2890472,0
5.813965,4.8191915,0
5.907386,4.9366403,0
5.7512937,4.8039117,0
6.0188866,5.024685,0
6.644016,5.626316,0
5.512056,4.7969604,0
6.6431165,5.619084,0
6.5818353,5.5763497,0
5.4034367,4.4887214,0
5.633609,4.6897593,0
5.352565,4.4583282,0
4.909283,4.193513,0
5.244578,4.373852,0
5.4897003,4.6221204,0
5.2887497,4.410646,0
5.803418,4.9342384,0
5.3471785,4.441358,0
5.169011,4.331821,0
5.2856994,4.406182,0
5.1295843,4.300078,0
5.374714,4.4892464,0
5.500347,4.6157746,0
5.3928523,4.4871407,0
4.818858,4.2027164,0
5.2922726,4.444996,0
5.164608,4.340058,0
5.767815,4.940592,0
6.185934,5.3467703,0
5.8746095,5.1090546,0
5.8545966,4.982412,0
5.52385,4.912227,0
5.6143613,4.757535,0
5.9236736,5.087382,0
6.243511,5.420761,0
5.851438,4.9881644,0
5.91828,5.0386896,0
5.1833076,4.383103,0
4.8516765,4.2155275,0
4.732637,4.1681705,0
4.9626184,4.2706337,0
5.288269,4.4223723,0
5.391666,4.5405006,0
5.627993,4.7216516,0
6.5436177,5.591576,0
5.6199102,4.676079,0
6.542527,5.51175,0
6.3217316,5.302434,0
6.0438614,5.176418,0
5.579172,4.87801,0
5.3451757,4.562621,0
5.674766,4.9311132,0
5.2213883,4.5523686,0
5.670189,4.965423,0
5.4978538,4.862408,0
3.6130822,3.4207268,2
2.5668101,2.746736,2
0.6685006,1.5516074,1
0.4125258,1.3621482,1
-0.57334167,0.5339448,1
-0.59877676,0.5949175,1
-0.80949235,0.41624185,1
-0.4811891,0.5960414,1
-0.3325245,0.8418055,1
0.80783635,1.6654862,1
3.2484145,3.188551,2
4.729991,4.1852994,2
5.808382,4.845052,0
5.5497665,4.615973,0
5.78139,4.78198,0
6.232639,5.237878,0
5.374531,4.4737487,0
4.9253764,4.2653913,0
4.9621644,4.297931,0
6.0254545,5.1501036,0
6.089423,5.164996,0
5.763205,4.8605266,0
5.9378586,5.0158067,0
6.381661,5.372925,0
5.1818333,4.4137216,0
5.6240497,4.6780725,0
4.787564,4.149149,0
5.0614243,4.30896,0
5.737422,4.787181,0
5.4082665,4.504548,0
5.3802247,4.5019426,0
5.1455793,4.318585,0
5.3046284,4.4096794,0
5.8332057,4.8626566,0
5.315322,4.4651446,0
5.1414704,4.3755813,0
5.2288,4.3763876,0
5.524013,4.5992255,0
5.2591605,4.382256,0
5.3903503,4.5003366,0
5.558183,4.616879,0
5.0103636,4.325073,0
5.308711,4.545341,0
6.506273,5.573905,0
6.3882933,5.501525,0
5.7742567,4.908206,0
6.0013013,5.2285013,0
6.7171354,5.709037,0
6.229738,5.1965613,0
5.8203845,4.9185367,0
6.0297074,5.222674,0
5.5717616,4.72906,0
5.2226644,4.4501815,0
5.1718616,4.4107046,0
5.7637844,5.059343,0
5.4542565,4.6246047,0
5.4637675,4.728723,0
5.444013,4.625117,0
6.616839,5.595632,0
5.737516,4.7925553,0
6.0548797,5.155827,0
5.2541323,4.406823,0
5.937161,4.984877,0
5.81653,5.030328,0
6.0549717,5.305168,0
6.091475,5.1629286,0
6.371439,5.388227,0
5.9973474,5.0677176,0
5.5763474,4.84553,0
6.0312314,5.263101,0
6.112663,5.3519225,0
4.391682,3.9472532,2
2.5495827,2.7360675,2
0.9200693,1.7319121,1
0.7727508,1.5386622,1
-0.23126891,0.78806186,1
-0.44432992,0.5877713,1
-0.43395767,0.6567652,1
-0.71875787,0.47672376,1
-0.6203944,0.5852095,1
-0.39056015,0.6909339,1
-0.97161925,0.32232994,1
-1.1508342,0.177799,1
-1.4514236,0.08645098,1
-1.3013121,0.14677301,1
-0.3025064,0.84465617,1
0.83410996,1.708766,1
4.800074,4.213382,0
4.854419,4.3488555,0
5.4559746,4.7271185,0
5.265223,4.4124207,0
5.471653,4.552764,0
5.6452813,4.786905,0
6.0506506,5.0798545,0
4.8173637,4.1977596,0
5.1558146,4.4125924,0
5.6288314,4.722165,0
6.0622373,5.2293186,0
5.44825,4.704013,0
6.409913,5.511516,0
5.970699,5.1613297,0
5.889942,4.873224,0
5.2942176,4.4072566,0
5.3261194,4.44657,0
5.4662433,4.638258,0
4.736259,4.135082,0
5.711317,4.774418,0
5.406212,4.5056067,0
5.003243,4.262718,0
5.2972,4.423475,0
5.154586,4.3236,0
5.339141,4.4588118,0
5.4983892,4.5761123,0
5.558176,4.659463,0
5.4250917,4.524242,0
5.609393,4.658733,0
5.4577684,4.5545373,0
5.8374214,4.895143,0
5.3797126,4.5335674,0
5.8181396,4.9254055,0
5.9857535,5.052647,0
5.9518476,4.9961023,0
6.360679,5.4141307,0
6.5491676,5.580244,0
6.390772,5.3995166,0
5.848091,4.994772,0
6.492024,5.4702806,0
5.6983,4.846509,0
6.407839,5.570886,0
5.1719537,4.4305415,0
6.064873,5.1831965,0
5.407415,4.6661625,0
5.3405733,4.5376105,0
5.3801923,4.617438,0
6.0881987,5.215137,0
5.849343,4.895786,0
5.3740935,4.4803205,0
6.587345,5.516331,0
5.981603,4.998219,0
6.10691,5.1502004,0
5.7332034,4.950605,0
6.323346,5.4452643,0
5.390802,4.6672816,0
5.2630553,4.615907,0
5.350665,4.6303864,0
5.938851,5.096048,0
5.3134704,4.4945855,0
5.512107,4.764142,0
5.92243,5.191142,0
4.649293,4.112572,0
4.221758,3.838067,2
2.514959,2.712456,2
0.6871243,1.603663,1
0.6030112,1.5089878,1
0.59244394,1.5081296,1
0.51238143,1.4438,1
-0.20713584,0.91251624,1
-0.19766743,0.9274823,1
-0.41341624,0.6129005,1
-1.0637466,0.2613455,1
-0.5990874,0.47808412,1
-1.0985465,0.2090995,1
-1.4932258,0.07416421,1
-1.5379653,-0.08326442,1
-1.5522635,-0.07874362,1
-1.5743424,-0.20414673,1
-1.43726,0.011615122,1
-1.495906,-0.07684825,1
-0.89834476,0.45776,1
-0.34668648,0.7450009,1
-0.769233,0.52071357,1
-0.35650387,0.69687676,1
0.6409689,1.5402756,1
2.4908848,2.6991377,2
4.867935,4.2150855,0
5.031779,4.488389,0
6.175594,5.3906903,0
5.3230104,4.4315586,0
5.1459384,4.341329,0
5.650796,4.6632032,0
5.426478,4.696216,0
4.92723,4.263666,0
4.816696,4.1637673,0
5.648167,4.8112335,0
6.706193,5.6709404,0
6.398415,5.518072,0
6.391982,5.3796325,0
5.5596433,4.7477865,0
5.860228,4.968941,0
5.8071604,4.9556665,0
5.76592,4.9439983,0
5.465682,4.657947,0
6.3712053,5.3506985,0
5.5710526,4.610903,0
5.1022034,4.3728333,0
5.025671,4.3087277,0
4.7605753,4.15083,0
5.4007664,4.5025644,0
5.0099382,4.290698,0
5.3154454,4.440656,0
5.154932,4.3096666,0
5.1147404,4.2963557,0
5.6822863,4.729886,0
5.235854,4.362264,0
4.940791,4.235632,0
5.797183,4.884206,0
6.185245,5.2078156,0
5.9601264,5.082661,0
5.812266,4.9008784,0
5.9608035,5.197154,0
6.719714,5.6842837,0
6.5713625,5.621155,0
6.29321,5.3023553,0
5.590068,4.685335,0
6.0709515,5.20115,0
5.899505,5.062045,0
5.2010584,4.4491158,0
6.221041,5.202944,0
6.023187,5.050777,0
5.2818503,4.5541897,0
6.203932,5.1727567,0
6.3592772,5.3683724,0
5.8841844,4.9385295,0
6.2398643,5.230734,0
5.7023015,4.823508,0
6.195687,5.2062197,0
6.190953,5.238875,0
6.110474,5.173476,0
6.675822,5.682125,0
6.4317493,5.412985,0
3.7790513,3.5260725,2
6.4020042,5.326278,0
6.34686,5.43182,0
5.7965083,4.9067597,0
5.8651466,4.917576,0
5.960918,5.052141,0
5.9834566,5.0317497,0
5.7630076,5.082634,0
4.2202263,3.835397,2
2.5439608,2.7335093,2
2.2719452,2.5732136,2
1.9865974,2.3979177,2
2.1690106,2.5083485,2
1.1075827,1.9026212,1
1.0459769,1.8486071,1
0.9671352,1.7430247,1
2.655049,2.7964072,2
-0.7598703,0.43134654,1
-0.90012765,0.41424143,1
-0.9124724,0.3883498,1
-1.3775209,0.043538403,1
-1.5861782,-0.11847839,1
-1.4092535,0.075154655,1
-1.4988997,-0.056078024,1
-1.436224,0.039449748,1
-0.3132802,0.8066167,1
-0.5638287,0.60931677,1
-0.6285798,0.54251575,1
-0.41647574,0.7029386,1
-0.35351232,0.7654911,1
-0.94635516,0.34396905,1
-0.9545605,0.37742195,1
-0.50413364,0.6934129,1
-0.4711313,0.6512249,1
0.60443926,1.5116642,1
0.8504278,1.6689681,1
2.5219266,2.7289107,2
4.8866625,4.3897657,0
5.5169997,4.791663,0
5.1620297,4.3249393,0
5.3435106,4.4532986,0
5.916338,4.9278417,0
5.944442,5.0352573,0
5.165399,4.3884506,0
5.866825,4.9900823,0
5.680387,4.739149,0
5.4685926,4.6568246,0
6.093897,5.1241083,0
6.7201123,5.7203164,0
6.4453797,5.4218187,0
6.2451835,5.2120295,0
6.690111,5.6042356,0
6.463785,5.4332767,0
5.575695,4.678979,0
6.0426097,5.053619,0
6.160732,5.1668725,0
6.0856833,5.0841303,0
5.3277707,4.459905,0
5.2965107,4.4062724,0
5.508964,4.5794773,0
5.3798056,4.5467243,0
5.479187,4.635159,0
5.6700044,4.720429,0
5.4792123,4.5632343,0
5.9531713,4.9989176,0
5.285907,4.4136767,0
5.3861713,4.47809,0
5.0034156,4.2759833,0
5.5654554,4.6810513,0
5.8652363,4.944952,0
5.947474,4.972197,0
5.2666564,4.4916806,0
5.920387,4.9804993,0
6.2814746,5.262328,0
6.7499804,5.719093,0
6.702787,5.673566,0
5.769331,4.895065,0
5.5482583,4.6812196,0
6.1518745,5.1955543,0
6.080715,5.121028,0
5.73038,4.8544297,0
5.3987236,4.52544,0
5.412891,4.7562094,0
5.8158007,4.9277105,0
5.448273,4.6262336,0
5.827178,4.883581,0
6.5196586,5.4969697,0
6.3817606,5.369013,0
6.1286335,5.1422963,0
5.974294,5.006426,0
6.170556,5.1857557,0
5.7725477,4.9566703,0
6.416215,5.396873,0
6.231508,5.234025,0
6.4847317,5.551284,0
6.193742,5.2404556,0
5.650604,4.8116937,0
5.9006,4.9897685,0
6.4999733,5.4779735,0
6.182766,5.2137127,0
6.460198,5.6233163,0
6.132777,5.395804,0
4.817254,4.2183757,2
4.1904693,3.8067875,2
4.136314,3.7910602,2
5.721832,4.9909177,0
4.2142453,3.8338428,2
3.7859457,3.5406153,2
2.7403498,2.8657975,2
3.9694588,3.669516,2
2.5263517,2.7221186,2
-0.4696612,0.65086037,1
-0.7429587,0.5272642,1
-0.9837835,0.27579945,1
-1.6201321,-0.2142324,1
-1.0955588,0.17558604,1
-1.277821,0.0684505,1
-0.79810655,0.5056049,1
-0.57240665,0.63252956,1
-0.46575534,0.7226362,1
-0.548663,0.6264494,1
-0.7096818,0.49966234,1
-0.35315126,0.7553042,1
-0.45487225,0.652824,1
-0.45667374,0.6597195,1
-0.5923259,0.5928293,1
-0.30736917,0.80561626,1
-0.43601424,0.6673198,1
-0.47551396,0.65699416,1
-0.3667702,0.71120155,1
0.42423835,1.3742282,1
0.3957952,1.3481368,1
0.8605726,1.6874686,1
2.4122155,2.6509597,2
4.6851683,4.1868706,0
5.451092,4.7229733,0
5.7927485,4.8214855,0
5.122977,4.304468,0
5.383983,4.554877,0
5.4329624,4.5566936,0
5.398363,4.535904,0
5.2743692,4.450587,0
5.2316704,4.4124985,0
5.0168257,4.32851,0
6.189344,5.2090135,0
6.364375,5.3543696,0
6.1818023,5.2620187,0
6.2533507,5.2440057,0
6.3944597,5.3508677,0
6.4166813,5.3644404,0
6.294729,5.255485,0
6.2905436,5.308633,0
6.1847577,5.160338,0
5.778732,4.8584313,0
5.407009,4.518877,0
5.344297,4.477077,0
5.3072596,4.4391375,0
5.314186,4.4646792,0
6.0655994,5.051326,0
5.4592857,4.534903,0
5.2592297,4.3893886,0
5.4345775,4.523238,0
5.468984,4.5630307,0
5.4183083,4.529492,0
5.5465984,4.6070046,0
5.3139296,4.4468007,0
5.5190516,4.6208158,0
5.446207,4.58164,0
5.466081,4.615475,0
5.6509304,4.786283,0
6.3831573,5.3772492,0
5.882098,4.9375873,0
5.514174,4.697123,0
5.76738,4.877948,0
5.942083,5.073922,0
5.784424,4.9095187,0
5.6244793,4.746062,0
5.6053667,4.7572265,0
5.884133,4.975451,0
5.3545794,4.5878735,0
5.9976926,5.14379,0
5.6200237,4.7639537,0
5.773272,4.898228,0
5.412487,4.5970592,0
5.6325946,4.731805,0
5.4436173,4.5586953,0
5.6005263,4.739264,0
5.4695067,4.6428647,0
5.489229,4.6514196,0
6.3264937,5.3291497,0
5.4866314,4.6546655,0
5.2608643,4.517457,0
5.4385414,4.7662964,0
6.451338,5.55747,0
4.9858804,4.4279375,0
5.104327,4.516592,0
4.8635592,4.253827,0
4.785323,4.302348,2
4.547935,4.136391,2
4.4127073,4.024688,2
4.191695,3.8120897,2
4.1671615,3.8101974,2
4.1772723,3.7900999,2
4.1690035,3.7820375,2
4.1608763,3.7690344,2
4.1738276,3.781592,2
4.166481,3.7747574,2
4.1978316,3.8220723,2
3.7908592,3.548309,2
1.265353,1.900836,1
-0.6156593,0.5122609,1
-1.1736729,0.18532349,1
-1.4171007,-0.011269349,1
-1.1666241,0.13406548,1
2.682694,2.8046126,2
-0.917298,0.3666439,1
-1.0814542,0.26489556,1
-0.50710756,0.60978734,1
-0.23571375,0.82668054,1
0.58754516,1.503618,1
0.68940246,1.5788234,1
0.7845757,1.6066194,1
0.6616852,1.5011802,1
0.7450824,1.5240488,1
0.6507104,1.5685092,1
0.73822266,1.5294652,1
0.7220766,1.5073886,1
0.7724437,1.536467,1
0.7287975,1.559291,1
0.8597027,1.6099858,1
0.8558717,1.6925507,1
2.329469,2.6057458,2
4.1167502,3.771463,2
5.3988304,4.693508,0
5.6325407,4.6734567,0
5.655399,4.788327,0
5.4146614,4.5784082,0
5.4908195,4.618062,0
5.446472,4.5712757,0
6.067492,5.0974574,0
5.379685,4.5212116,0
5.2855377,4.4612746,0
6.348875,5.3318663,0
6.4326777,5.4298882,0
6.370151,5.328762,0
6.6565394,5.663866,0
6.394878,5.3758326,0
6.6061945,5.5645704,0
5.3673673,4.5524616,0
6.1705275,5.2224255,0
6.3779383,5.3571787,0
6.3389125,5.292398,0
5.1182985,4.37055,0
5.815571,4.825882,0
5.4602165,4.586884,0
5.9660625,4.9806747,0
6.1342335,5.1603436,0
5.4590197,4.5551696,0
5.545797,4.698059,0
6.067481,5.1259065,0
4.9801674,4.3564014,0
5.742319,4.951278,0
4.926241,4.2007346,0
6.147312,5.1723013,0
5.2104487,4.3621464,0
5.6437025,4.785591,0
4.9088416,4.18894,0
5.647119,4.778038,0
4.7323303,4.1538844,0
5.304269,4.542857,0
4.650344,4.1008406,0
5.286129,4.5448685,0
4.649421,4.0990734,0
4.820224,4.20503,0
4.994878,4.4211783,0
4.870769,4.3295145,0
4.5598884,4.1248217,2
4.7373085,4.2562127,2
4.6979713,4.2270017,2
4.6590376,4.224976,2
4.7617736,4.2923226,2
4.906828,4.3705215,0
4.7324266,4.2606096,2
4.635294,4.199412,2
4.5857906,4.1498346,2
4.5093355,4.0986032,2
4.6970162,4.241278,2
4.6127453,4.184461,2
4.5782804,4.1497726,2
4.714263,4.263201,2
4.5532436,4.1455255,2
4.6287184,4.196229,2
4.4257264,4.043789,2
4.5983257,4.174692,2
4.474065,4.0571694,2
4.399066,4.0222993,2
4.3283067,3.9548557,2
4.263763,3.8913739,2
4.1685934,3.7884083,2
4.164648,3.7730036,2
4.1727934,3.7808092,2
4.146905,3.7542698,2
4.1536407,3.7617471,2
4.177292,3.7860222,2
4.1529036,3.7608163,2
4.1548038,3.763287,2
4.1698446,3.7782032,2
4.2644897,3.8875928,2
1.2208518,1.8798503,1
-1.0168211,0.2833625,1
-1.5190331,-0.07489922,1
-1.5307553,-0.074626364,1
-0.7286839,0.44257706,1
2.8150437,2.8998454,2
-0.68343025,0.53424364,1
-0.5940526,0.54458636,1
0.8093209,1.6046077,1
2.4540598,2.6758664,2
3.2067382,3.1556292,2
3.0989716,3.0891628,2
3.0155685,3.0335648,2
2.4699993,2.6863773,2
2.4080553,2.649165,2
2.322257,2.5939221,2
2.500164,2.7081401,2
2.3981283,2.6451614,2
2.306257,2.5917137,2
2.3231952,2.601281,2
2.9065769,2.964167,2
3.1962962,3.1550064,2
6.052547,5.2867775,0
5.344946,4.738126,0
6.711931,5.7535863,0
5.905837,5.007505,0
5.609859,4.761731,0
5.6698956,4.803137,0
5.9985795,5.005609,0
5.3182716,4.489436,0
5.6280355,4.7987657,0
5.438796,4.6037593,0
5.7075114,4.8415656,0
6.3939333,5.438942,0
5.6068645,4.7532516,0
5.6812477,4.8229637,0
6.38791,5.386291,0
5.7901807,4.9449935,0
5.658551,4.81073,0
5.856709,4.9739385,0
5.853624,4.968972,0
5.319995,4.46593,0
5.4843407,4.6240177,0
5.2682366,4.5199566,0
5.357905,4.512598,0
4.897587,4.233195,0
4.9026637,4.378384,0
4.817899,4.2965555,0
4.8165975,4.313849,0
4.716622,4.257852,2
4.428318,4.0336237,2
4.434776,4.0385256,2
4.381899,4.0068274,2
4.40502,4.0254097,2
4.4483104,4.057252,2
4.446453,4.055327,2
4.362252,3.9885185,2
4.4412627,4.053337,2
4.461803,4.0588727,2
4.438191,4.042924,2
4.455666,4.055604,2
4.316236,3.944173,2
4.3409863,3.9695473,2
4.3447146,3.9705098,2
4.417156,4.036148,2
4.3413873,3.968618,2
4.3532615,3.9794579,2
4.4141107,4.0394025,2
4.4382772,4.049739,2
4.3292494,3.9555874,2
4.611487,4.1875324,2
4.6677628,4.217233,2
4.440708,4.0557566,2
4.311771,3.941369,2
4.260189,3.887558,2
4.2956185,3.9204192,2
4.232434,3.859347,2
4.2050896,3.8308258,2
4.3012147,3.9312837,2
4.2876196,3.9154198,2
4.329375,3.9587338,2
4.3488436,3.9773629,2
4.2336407,3.859217,2
4.235642,3.863526,2
4.3493295,3.9699965,2
4.2942405,3.9211915,2
4.2261806,3.8641787,2
4.3016768,3.930581,2
4.0938396,3.7602973,2
4.2972054,3.9269407,2
4.173968,3.8230448,2
4.1920037,3.830738,2
4.106083,3.7635372,2
4.278334,3.8725076,2
3.8047085,3.560212,2
3.9792278,3.6565125,2
4.2851996,3.834991,2
4.340205,3.8814363,2
3.1777666,3.1408715,2
-0.29093024,0.74398184,1
-1.0083739,0.33647108,1
-1.6861417,-0.1895206,1
-1.6500664,-0.17080995,1
-0.5274658,0.6999357,1
0.5009728,1.4264127,1
3.0148973,3.0317674,2
4.857308,4.220059,0
6.0402713,5.0617056,0
5.9895,5.1877995,0
5.075679,4.371886,0
4.9899282,4.3298054,0
5.026932,4.2640786,0
6.1484156,5.306892,0
4.8859,4.2879043,0
4.031995,3.6973999,2
4.2646756,3.8558495,2
6.1021123,5.142281,0
5.051217,4.4822097,0
5.4166813,4.771942,0
4.8004823,4.3293195,2
5.4601593,4.7525177,0
5.420737,4.75884,0
5.5163207,4.8035083,0
5.7937775,5.0217257,0
5.966647,5.0643706,0
4.9576225,4.3788185,0
5.303996,4.5805516,0
5.2539577,4.52867,0
6.3625636,5.557351,0
6.1386557,5.243447,0
5.2431054,4.5207505,0
5.306801,4.717364,0
5.4142103,4.8042216,0
4.9829865,4.4314857,0
5.4367642,4.8258333,0
5.5607367,4.8721666,0
5.4536004,4.8325562,0
5.3406987,4.7423935,0
4.836497,4.316914,0
4.9429145,4.4295793,0
4.602178,4.1657677,2
4.487246,4.092384,2
4.39371,4.015018,2
4.3503265,3.976714,2
4.2771416,3.900217,2
4.3139586,3.942595,2
4.349422,3.9794688,2
4.199147,3.8353775,2
4.252821,3.8788557,2
4.2077336,3.8318098,2
4.2327733,3.8588006,2
4.2659063,3.8953085,2
4.261462,3.889962,2
4.166872,3.7935104,2
4.2111773,3.836644,2
4.1657825,3.7874212,2
4.185778,3.806857,2
4.1800394,3.799723,2
4.204925,3.8359253,2
4.1909084,3.8113961,2
4.2031336,3.820356,2
4.1909738,3.8074338,2
4.178335,3.804069,2
4.1951666,3.8186803,2
4.287356,3.9174001,2
4.442835,4.0529494,2
4.4090333,4.0259137,2
4.5553193,4.1438828,2
4.3659887,3.9837215,2
4.504917,4.106641,2
4.349668,3.9814794,2
4.2738104,3.9068992,2
4.284399,3.9154377,2
4.298046,3.9283276,2
4.215529,3.855912,2
4.2262535,3.8642895,2
4.487428,4.07423,2
5.0399256,4.3499126,0
4.2252192,3.86834,2
4.2811785,3.9084218,2
4.0388083,3.7029703,2
3.1217513,3.0954156,2
3.2106907,3.137007,2
2.7549162,2.8752058,2
2.6064727,2.781479,2
2.2263465,2.5407262,2
2.7066143,2.8359976,2
2.2655606,2.5738046,2
2.1686485,2.5065565,2
2.1910806,2.520013,2
2.192018,2.5193253,2
2.296299,2.5844529,2
2.941004,2.9811032,2
4.0674086,3.712382,2
4.1401067,3.7508175,2
2.9543471,2.9908319,2
0.76907754,1.605465,1
-0.45829338,0.6472587,1
-1.5149401,-0.059428684,1
-1.1381189,0.2292168,1
-0.3141727,0.83934766,1
0.5717611,1.4948187,1
2.549686,2.7301452,2
3.1960244,3.1501217,2
5.239227,4.429306,0
6.1082683,5.38084,0
4.3514075,3.9767337,2
4.4173822,4.0225363,2
4.492524,4.090432,2
4.511345,4.096141,2
4.4551287,4.0580587,2
4.4080043,4.031568,2
4.3087993,3.936081,2
4.2947907,3.92488,2
4.455043,4.0669823,2
4.419627,4.033438,2
4.4391103,4.053961,2
4.4118576,4.0366254,2
4.5230246,4.1187654,2
4.6855617,4.236639,2
4.5961795,4.174388,2
4.6980896,4.2451587,2
4.7889285,4.3173494,2
6.0725813,5.3160777,0
4.7716775,4.301603,2
4.6981907,4.247289,2
4.525195,4.116298,2
4.4380627,4.0527973,2
4.3665323,3.9924924,2
4.39142,4.0142474,2
4.391115,4.01584,2
4.3778133,4.002353,2
4.377832,4.0063815,2
4.4006534,4.0223894,2
4.348154,3.9763558,2
4.284893,3.9145293,2
4.2358255,3.850264,2
4.322649,3.955032,2
4.1750746,3.8033483,2
4.2360654,3.8647287,2
4.1990113,3.8284225,2
4.262968,3.8918984,2
4.21896,3.8465874,2
4.2163534,3.8421009,2
4.2343383,3.86281,2
4.223307,3.8483157,2
4.1928906,3.816657,2
4.219035,3.8470132,2
4.1860204,3.8154032,2
4.2208166,3.8544228,2
4.2042437,3.8291476,2
4.1788673,3.8260868,2
4.2054577,3.8419652,2
4.2069516,3.8478289,2
4.204683,3.8461761,2
4.042376,3.7206626,2
4.026077,3.7088957,2
4.0407043,3.7201462,2
4.190804,3.8355963,2
4.250417,3.8701274,2
4.2768326,3.88782,2
4.1044607,3.757599,2
4.3499107,3.9181714,2
4.5392427,4.011213,2
4.2728195,3.86434,2
3.6783743,3.4687202,2
3.1014132,3.0876532,2
2.7055125,2.8418872,2
2.9849772,3.0154662,2
3.3252494,3.2379782,2
2.8642547,2.9509306,2
3.7446892,3.509697,2
3.0858932,3.07741,2
3.3692641,3.2639174,2
3.1582916,3.1240876,2
2.5184822,2.7244353,2
2.1091232,2.4698625,2
2.6119416,2.7853053,2
1.2763302,1.9395038,1
1.2178817,1.9639246,1
1.0529184,1.8768649,1
1.023281,1.8584667,1
0.89422673,1.6932776,1
0.99420536,1.8506483,1
0.79433966,1.6804667,1
0.891395,1.790366,1
0.91000116,1.7997496,1
0.60340375,1.5031488,1
-0.31419727,0.69652826,1
2.708432,2.8330567,2
2.7341187,2.8505259,2
3.06409,3.0650644,2
2.4450655,2.6460543,2
-0.82324845,0.42075664,1
-1.248745,0.15027829,1
-1.4737861,-0.03860305,1
-1.3947847,0.007487803,1
-0.7338445,0.58328533,1
-0.28115073,0.7849625,1
0.6035837,1.5216022,1
2.4966536,2.7005072,2
3.1380959,3.1126823,2
4.0889096,3.7465162,2
4.09378,3.7557871,2
4.2530007,3.8846347,2
4.5040894,4.1039677,2
4.4170547,4.038732,2
4.3397512,3.9677014,2
4.259359,3.886085,2
4.313619,3.9415019,2
4.1823854,3.8108091,2
4.2727265,3.9008212,2
4.2274857,3.855344,2
4.2321253,3.867999,2
4.2014,3.827238,2
4.342279,3.964342,2
4.329056,3.95412,2
4.2640963,3.8889077,2
4.3677983,3.9951167,2
4.3194137,3.9488456,2
4.362188,3.9883692,2
4.4320145,4.0416956,2
4.3242636,3.9523377,2
4.2594457,3.886846,2
4.1959977,3.8185174,2
4.168493,3.7913575,2
4.214439,3.8284945,2
4.255429,3.882508,2
4.1658177,3.7887194,2
4.1921654,3.8350956,2
4.190189,3.804536,2
4.1816726,3.781341,2
4.191503,3.814521,2
4.185286,3.8067865,2
4.2266803,3.8514047,2
4.204351,3.828575,2
4.234803,3.860201,2
4.323064,3.953036,2
4.2820573,3.911096,2
4.3114276,3.9398139,2
4.4671783,4.0590954,2
4.475401,4.067025,2
3.9963758,3.676803,2
4.024843,3.7033756,2
3.9654925,3.6635447,2
3.7663827,3.5324872,2
3.3403947,3.2445292,2
3.2108285,3.1623266,2
3.1854835,3.1444979,2
2.799572,2.8951833,2
3.0665736,3.0658233,2
3.2320087,3.17722,2
2.2419393,2.5491135,2
3.160773,3.1281285,2
2.1851428,2.5119298,2
3.1767232,3.1406298,2
2.7494118,2.8918228,2
3.2455742,3.1809103,2
2.7933178,2.903747,2
2.8062608,2.9122868,2
2.8488278,2.9480069,2
2.686712,2.8336399,2
2.4808447,2.7009397,2
1.2304121,1.9596144,1
1.0881137,1.8879894,1
1.1022453,1.9178622,1
1.2407222,1.942588,1
1.0931541,1.8165271,1
0.9253071,1.8236296,1
0.7863732,1.6332675,1
1.164246,1.8887311,1
0.85998136,1.6742122,1
0.82609177,1.6776947,1
-0.22496195,0.8644389,1
-0.010082797,1.0536009,1
-0.47363204,0.6942688,1
-0.13019022,0.96948576,1
-0.41449314,0.80476135,1
-0.39737493,0.82427514,1
-0.37627658,0.7466013,1
-0.23651023,0.89622664,1
-0.601222,0.5932219,1
-0.7110167,0.5937192,1
-0.8710385,0.41067305,1
-0.74168944,0.5445947,1
-0.5400342,0.58458656,1
-1.0274456,0.31215462,1
-1.0120487,0.3665008,1
-0.7852367,0.4676049,1
-1.313406,0.11430099,1
-0.83264583,0.40837497,1
-0.82658684,0.4227094,1
-0.6889427,0.5247336,1
-0.5267788,0.6188598,1
0.7494171,1.6095861,1
0.9035546,1.6886088,1
2.917832,2.9718392,2
2.920388,2.9723232,2
3.5001912,3.3504524,2
5.0622454,4.3833795,0
3.7993557,3.546556,2
4.19195,3.7989628,2
4.170667,3.802738,2
4.246102,3.871254,2
4.2416854,3.8653624,2
4.2909927,3.9122381,2
4.2491913,3.8833904,2
4.3862486,4.0118794,2
4.3051434,3.934341,2
4.26589,3.8912299,2
4.2302327,3.8656437,2
4.4216666,4.039629,2
4.213224,3.8532634,2
4.3314567,3.9557614,2
4.2374578,3.8748493,2
4.2674785,3.8951478,2
4.1958685,3.8304408,2
4.2501535,3.8776371,2
4.2859077,3.8887212,2
4.2320447,3.8670652,2
4.251041,3.8637338,2
4.211549,3.8360112,2
5.705137,4.833338,0
4.3543024,3.9395387,2
4.2513967,3.8661966,2
3.724062,3.5042622,2
4.105779,3.740947,2
4.1589227,3.7806501,2
4.2355404,3.8334358,2
4.0598855,3.7151883,2
3.1585283,3.1021528,2
3.533033,3.3704925,2
3.3338542,3.2383525,2
3.1953657,3.158501,2
3.017725,3.0302799,2
3.1517544,3.1229231,2
2.6435816,2.8055916,2
2.587626,2.7626002,2
2.6310048,2.8029685,2
2.574886,2.7631671,2
2.0751915,2.4507668,2
1.0682292,1.8886431,1
1.1093894,1.9139712,1
0.85864663,1.7854931,1
1.0558609,1.8852904,1
0.9184258,1.8162969,1
1.1544936,1.9303576,1
0.8481713,1.6744517,1
0.8476138,1.6856601,1
0.82794046,1.6594388,1
1.0124007,1.8572534,1
0.78936994,1.6415685,1
1.0315497,1.8365825,1
0.6526298,1.5499275,1
0.8967585,1.775422,1
0.6412828,1.5243635,1
0.8258998,1.70218,1
-0.05205482,0.9886617,1
-0.31431288,0.860093,1
-0.72163635,0.5776289,1
-0.39304316,0.76345503,1
-0.6394959,0.6012777,1
-0.49589762,0.69754237,1
-0.27134034,0.9172318,1
-0.2759488,0.8778299,1
-0.38323623,0.81772137,1
-0.4629856,0.7120075,1
-0.3709237,0.6837815,1
-0.9906548,0.35461113,1
-0.78786266,0.49129286,1
-1.1468881,0.23850656,1
-0.6748387,0.5437154,1
-0.53766644,0.5975347,1
-0.71232134,0.5199473,1
-0.6444596,0.552164,1
-1.1517566,0.20171742,1
-1.0933454,0.24168561,1
-0.3923565,0.63233805,1
-0.86117685,0.454119,1
-0.7305875,0.4909881,1
-0.945705,0.35027313,1
-0.4202877,0.7160122,1
-0.415532,0.73243916,1
0.77573496,1.649971,1
0.9680182,1.8450451,1
1.3830372,2.0001981,1
2.3613663,2.6163142,2
2.4148808,2.6567197,2
2.5972233,2.7774153,2
2.8233495,2.914168,2
2.7348225,2.873835,2
3.233265,3.1731126,2
2.7188473,2.8566077,2
3.1322854,3.1030288,2
2.9771311,3.0142658,2
4.2348056,3.8254707,2
3.5398824,3.373496,2
3.1091313,3.0979815,2
3.1516454,3.11194,2
2.6260421,2.796602,2
2.9468172,2.9918787,2
2.846204,2.9430373,2
3.0054507,3.0305104,2
2.756419,2.8770146,2
3.1925354,3.1478302,2
3.211257,3.1646168,2
2.8116667,2.9165742,2
2.5657976,2.7567844,2
2.8882172,2.9550107,2
2.9284961,2.9895878,2
3.230508,3.171566,2
2.5743966,2.7536702,2
2.9282355,2.9847832,2
1.3369092,1.9630351,1
2.9388993,2.9880948,2
2.6353793,2.7844157,2
3.0075846,3.0371666,2
1.2632915,1.9195024,1
2.5439315,2.7187958,2
0.85841763,1.693801,1
1.0972247,1.8732855,1
1.091235,1.8837315,1
1.084717,1.8670561,1
0.95899975,1.7316786,1
0.8804578,1.6964407,1
0.90108293,1.7716266,1
0.7648775,1.6281544,1
0.7445423,1.6133058,1
0.76272875,1.6471081,1
-0.30845064,0.79658586,1
-0.28903055,0.86113167,1
-0.6707213,0.5585079,1
-0.3652932,0.77292985,1
-0.37937227,0.8108792,1
-0.38591573,0.7479225,1
-0.59085834,0.60308963,1
-0.36387533,0.7787643,1
-0.2679658,0.86062473,1
-0.28566545,0.80223334,1
-0.60853,0.60494804,1
-0.4647587,0.72927976,1
-0.32259452,0.7732115,1
-0.59755844,0.6807434,1
-0.28770384,0.8002629,1
-0.40447506,0.7556181,1
-0.59052926,0.6207077,1
-0.80042595,0.5074589,1
-0.7521313,0.48227367,1
-1.4311751,0.016529463,1
-0.82388926,0.43849236,1
-1.3790852,0.056268286,1
-1.3763502,0.047654938,1
-0.8899091,0.43259674,1
-0.76203907,0.55135375,1
-1.1039425,0.25258413,1
-1.0754597,0.28170502,1
-1.030456,0.2948555,1
-1.4589238,0.08004379,1
-0.7182957,0.48827666,1
-1.1473,0.19116949,1
-1.3187239,0.09762994,1
-0.87340766,0.39194053,1
-0.68150496,0.5289641,1
-0.44658896,0.7376729,1
0.3782206,1.3417435,1
0.5771085,1.4819432,1
0.8343255,1.688706,1
0.7171316,1.5827107,1
0.798558,1.6713114,1
0.8585453,1.7704183,1
1.0400873,1.843053,1
0.8195996,1.7573206,1
1.1576071,1.8974992,1
1.1728812,1.878001,1
1.276991,1.9407952,1
0.99780756,1.7471774,1
1.1000848,1.8843845,1
1.0286138,1.8668768,1
1.0583059,1.8262832,1
1.0102247,1.8467042,1
1.2617176,1.9165882,1
0.92223066,1.809709,1
0.9310235,1.6805872,1
0.8169502,1.6540161,1
1.1322412,1.8301489,1
0.80239797,1.6871383,1
0.8894933,1.7960261,1
0.8135862,1.6572025,1
1.0092326,1.7705443,1
0.8426757,1.7044066,1
0.8342351,1.6925892,1
0.6736312,1.5234679,1
0.6338749,1.5307825,1
-0.054775514,1.0398982,1
-0.22873268,0.91630226,1
-0.3281162,0.8247378,1
-0.22815393,0.8821098,1
-0.05814202,1.0256956,1
-0.016377274,1.0448406,1
0.46872467,1.4164011,1
0.24343278,1.2494256,1
0.4624088,1.4186141,1
-0.3581085,0.78602624,1
-0.14101906,0.95957816,1
-0.81453824,0.4911228,1
-0.70040697,0.59766984,1
-0.63109845,0.5426532,1
-0.33485687,0.7334204,1
-0.9670415,0.35038444,1
-0.73754793,0.52810913,1
-0.69508946,0.571253,1
-0.43753842,0.64550215,1
-0.41115153,0.7243506,1
-0.68120164,0.5584171,1
-0.80144644,0.49059308,1
-0.8732725,0.4220819,1
-0.82793826,0.46943265,1
-0.913717,0.42413017,1
-0.9221389,0.40740213,1
-1.2107617,0.19540198,1
-0.69220775,0.5110824,1
-0.72617364,0.47925028,1
-0.7630747,0.49003547,1
-0.6261385,0.5154783,1
-1.3345718,0.08450471,1
-0.78058344,0.44015568,1
-0.8238664,0.38579792,1
-1.6337277,-0.07869307,1
-1.3132348,0.116255075,1
-1.0138693,0.25871402,1
-1.1237227,0.17697884,1
-1.4318907,-0.012306798,1
-1.3179044,0.09108009,1
-0.9455202,0.317641,1
-0.27841076,0.9052237,1
-0.31397945,0.8196889,1
-0.3463453,0.7519601,1
-0.35329288,0.81180584,1
-0.34703073,0.86051816,1
-0.2964834,0.8364055,1
0.033235244,1.0743704,1
0.33245718,1.3034272,1
0.035843495,1.0700338,1
-0.36296898,0.7591023,1
-0.11268726,0.99615926,1
-0.3326387,0.85148,1
-0.30105013,0.8385349,1
-0.30368853,0.83338016,1
-0.07893871,1.016529,1
-0.25855955,0.855597,1
-0.34134084,0.7846188,1
-0.64655626,0.60444444,1
-0.38678497,0.7029542,1
-0.5257428,0.7317892,1
0.20751682,1.2267584,1
-0.24794951,0.82425314,1
-0.4503848,0.6622751,1
-0.5720101,0.6592244,1
-0.79886025,0.49778777,1
-0.8356848,0.45970145,1
-0.7494401,0.58576417,1
-0.81796914,0.48924816,1
-0.87019587,0.43646112,1
-0.89977705,0.4184653,1
-0.7667888,0.43929756,1
-0.6521575,0.5639348,1
-0.535996,0.6252841,1
-0.84443855,0.46513537,1
-0.9790467,0.35320124,1
-0.9794982,0.3489957,1
-0.6778699,0.46541956,1
-1.2845361,0.07714775,1
-0.79098934,0.5184523,1
-1.0875518,0.26418495,1
-1.23716,0.22029576,1
-1.2187122,0.18879685,1
-1.4319437,0.023538657,1
-1.1333833,0.23863852,1
-1.0347892,0.31002852,1
-1.2638171,0.16001366,1
-1.1664563,0.2101413,1
-1.2886142,0.076765195,1
-0.995632,0.27603438,1
-1.1727296,0.175434,1
-1.616823,-0.1147546,1
-1.1601164,0.19167857,1
-1.1726003,0.1561353,1
-0.8150376,0.40186647,1
-0.36196488,0.811368,1
-0.49504116,0.75142455,1
-0.83724284,0.4197813,1
-1.1612781,0.21871983,1
-0.99108887,0.3166408,1
-0.40953383,0.6976768,1
-0.90026665,0.45025617,1
-0.9548785,0.35318458,1
-0.4560448,0.7110752,1
-1.2877237,0.13975374,1
-0.6872465,0.54133135,1
-0.60176426,0.57684755,1
-0.87003595,0.40897217,1
-0.93347824,0.33481044,1
-0.9334238,0.35545185,1
-0.6014435,0.54738307,1
-0.69686884,0.53831416,1
-0.72704875,0.4957994,1
-0.53624076,0.6398768,1
-1.100031,0.24272723,1
-1.2558728,0.15622202,1
-1.1405972,0.20478474,1
-1.1746567,0.20031248,1
-1.1764715,0.18855117,1
-1.2164253,0.17905682,1
-1.4326568,0.013038981,1
-1.1582285,0.18511745,1
