SPC1,SPC2,SPC3,SPC4,SPC5,SPC6,SPC7,SPC8,SPC9,SPC10,cluster
-5.509653137419495,2.0894779313765586,-3.0136971631781515,6.507113759200414,1.9491779577586943,1.6488796101140832,0.6228639643053966,1.1439685025850368,0.4308976387927702,-1.082910105029514,3
-3.040865157856877,3.374052498958935,-3.0468130527938753,6.219683889713956,2.5944329283051495,2.171738561465288,0.06394208860110223,1.6707729587938502,0.30544384972881744,-1.4844807615275764,3
0.6345134131213559,1.9299215117502224,-2.397931487669139,6.797770489715843,2.8753145958785704,0.8047687180031629,-1.2722953594049586,0.12484230786944056,0.331708238293745,-1.5382266731456313,0
-3.794901201462458,-1.0697777616599442,-1.5999970656683808,6.545916904140599,-0.43757411611473157,1.2193327015298885,-0.1035114312227366,-1.3692880447132172,0.39691155683306345,-1.0169404816703678,0
0.42649273728894177,-1.4711787252596498,-0.905608870076738,6.561018003721351,0.295483190075178,-0.0983279654174144,-0.5388944963830673,-0.7204931022129755,-0.14204786255284707,0.9006934825378103,0
0.888415601199239,-2.27894126485931,-0.5641897317250351,6.755555141884225,-1.6530712761074335,0.17595270910689087,0.38492935000757167,-1.5001716983422142,-0.9709692096023512,-0.737087897947555,0
1.8419362560186463,-1.565312057138227,-2.0076975032588775,7.679012335114354,-2.537587780796914,1.2160298979041932,-0.6342035400117744,-0.6289948569306645,-0.4707278237570643,-0.2387390883820994,0
0.0457798077663365,-4.4910444031395045,0.8955193399820216,5.31564812152194,-0.6203662580038427,2.7249568015694012,0.3058912073580988,0.20242577289139663,0.09675347655699759,-0.36560773052634055,0
2.2439064474487127,-3.485036355951528,1.155395020621457,4.09656740458449,2.358684380376591,2.737168452120804,-0.34388546255036045,-0.3001502886385531,-0.43195127575820247,-0.09072472260592698,1
-2.1501451989123472,-1.1681987967114047,0.05022750454568417,2.241621971797958,2.32707898484363,1.9738082131328092,0.21086075559199546,-0.9152816207064249,-1.3379700367453602,-0.3509684943608682,0
-1.684677861144377,-0.41411751342316233,-0.5594863524501998,2.9022867326970623,1.9783357498975263,1.0610178093622677,1.1529576176223908,0.3870838883199624,-0.7521543703174236,0.12323545043259143,0
-0.2281937488241681,-1.9884763864598711,0.7343328171449293,3.4178319448450964,1.3837218175224417,1.3371731687566835,0.6144466478238078,-0.21651044540223274,0.15173006209088202,-0.6039723093830631,0
0.7545829929580841,-3.1587196902573256,2.2603194225562713,3.254803317979272,1.5397598888100736,0.6885572975247521,0.07590971587904499,-0.33760533631884104,-1.0306124972038178,-0.46406540682955355,0
1.1481074517605325,-1.5112757139391628,1.0187500159451772,2.200055781411909,2.073565459374078,-0.8725400170210647,0.19635472188093064,0.2896827160269172,-1.5986303314138697,0.055263227256446334,1
2.651668659638613,-0.705518577776882,1.167347038287411,3.008268132805541,2.8217008272888875,-0.21134219051286848,-0.35820347741156516,1.4370601300640922,-0.8439612919009476,-0.6004276612508526,1
0.014316999455579849,0.5554022602824074,0.3743012842238255,1.0195135903764063,0.4884030504945273,1.4699597400234254,-1.5235994003065927,-0.3896423076480372,0.7524832094627455,-0.9474409025844934,0
-0.170434166653046,-0.6416746985332913,0.7469093565063822,0.9567450295215406,1.0234394809361793,0.790075126480803,-1.4479258017319099,0.29485685869982037,0.4985546609739689,-0.4872982940072693,0
-0.13781270751967045,-1.7328602855153523,1.9673609514660977,1.0931197068257534,1.689835071661418,0.6856077188291754,-0.27351943104840587,-0.1459164536559846,1.3217217936537202,-0.7057738544867086,0
-0.3307314185517345,-1.4464699957918974,0.607083021043625,3.1204566259377904,2.435724646909595,1.1973386555005643,1.0582492264146095,-0.015441527774703971,0.5187087505410045,0.6614478595670661,0
0.6647620989646428,-1.0852152054867013,1.0429775823347371,1.0183702704154314,2.587347040895569,1.745993244091826,1.4579855672174151,-0.8288462415020972,-0.2921614524759081,0.7465371424228198,1
-0.4532149727944188,-0.5868217132013755,0.6316268598315754,0.5715996318808602,1.8043325337922225,0.4584841432533795,1.242692498344312,-1.125348573360728,-0.14140413664432713,0.15030377123631894,0
-0.7114868422323857,-1.2261970736005232,1.031336584040193,1.1406348065378773,2.166455168034032,-0.9599760403005219,-0.30155922242001754,0.6131237545741779,0.9805727517829897,0.09429783068732067,0
3.783961714106254,0.759213405549059,0.026218175988980463,3.397949327659424,0.690875371759991,-2.0356253881180626,-0.24089075459083156,1.453316347512632,1.9334767138049018,-0.8157223911120063,1
1.6480542706521937,-1.758507688386845,1.7094753127658455,1.3905794646156109,1.2668426867662328,0.19551365188288972,0.25639953966873946,1.4236165068706996,3.3944262904445957,-0.3480378873389441,1
3.671432305187337,0.06213536147371779,1.3126120991372836,1.059704838636145,1.1303232461447152,1.4630609414769586,0.8025824681463002,-0.4618320905769965,1.4189963842919475,0.847469094238797,1
4.846497044491818,1.1964430645609352,2.28692508217473,0.0171513221861066,2.8812677293038695,-0.5249763275220896,0.3482993311628006,-1.1992562084249514,2.9341346898779705,0.7027207998779141,1
3.2898087959246345,2.0157630229957086,1.2880645535093107,1.140675052439949,1.7427592264805807,0.17079020254394417,1.0123670804577383,0.3797740263611143,1.6756158766299305,-0.5259418372874598,1
0.4783120419175345,3.916948304015246,3.7573176452304295,1.7552288825024238,0.8484478225037311,0.27909677314026954,0.9817112933068107,-0.4984450773495352,2.1250669337843853,0.620299700137347,1
-8.691212200352876,17.516032535694187,12.353495805066476,3.1107705923210887,-3.0510887620734986,1.2859072442732395,-1.257225380258574,-0.7496208717779161,1.93383104408773,0.7551403403025587,2
-13.69693099438728,23.778189797767745,18.346502181818288,3.670900725806715,-3.763058134445213,-1.496753865290811,-1.892370315645997,0.9982232006426291,-1.8965823560939514,1.6711026553620014,2
-8.262371128157163,15.938466998826087,11.306906526587891,2.7583544843746792,-2.3677135861171106,-2.1619661270879824,-1.471234017022117,1.1321544380029538,-0.7258679720293746,0.35903664358505627,2
0.33686500461431645,8.199882315753412,5.245665931066288,0.6935278154837844,1.4662485965416427,-2.3542612715169406,-0.43114366547098215,-0.48788927593438913,-0.07631070204382516,-1.0912147551954212,1
-4.839160731542766,1.7595343107437251,-2.02017080630553,3.7309632460020783,2.383018449023827,0.49082400000572074,-0.03925810976379454,-0.6978388586083806,-0.15302181587285074,0.3000197857593556,3
-1.1809662266376997,2.5905007590060394,-1.5141547435453837,3.1330580214015824,2.7875220951269197,1.0993515343380555,-0.7398946405380016,1.3746909863565004,-1.3241174898368708,-1.0539197009109813,0
-0.9556822178911679,-1.9723993084429787,0.4471020036118727,3.15065573868787,1.3859922686844979,1.146978565869508,-0.9018011925907587,0.7234551676712232,-0.023928779659960348,-2.0342135310809772,0
-1.596433202596745,0.10220072784202461,-1.053547496441559,3.9077884789135355,-0.5452680929213939,-0.28963371804918514,-0.9946524641142801,0.40767894519373166,0.36685973911913083,-2.1480975538896794,0
-2.45119239601881,1.1299724462746523,-2.1280023760117386,3.7803645923817335,-3.238884788518006,1.601484147392525,0.9255306825269899,-1.4299993576032004,1.2622125488761176,-0.36984686723152144,0
1.6510192005968725,-1.329502922016615,-2.230931230878111,5.9966622664805715,-2.714938294793726,1.0426826286976785,0.20193195917091986,-0.1208995855250839,-0.7577839791926788,1.3208754270222003,0
0.010771570917876172,-2.886053004060218,-1.5459815472784477,4.478031172193122,-3.1418515275876153,1.449117275459705,0.5278393847588242,-1.6152367662767526,-0.56092688939914,-0.8589419781312907,0
3.7821954830155713,0.512513584823582,-0.508154697075574,3.0655617808233573,0.1456476181901833,1.8130187255279746,-0.6023604728301164,-1.3393818895353573,0.2547284324187372,-0.12351123900374361,1
-0.2592788259062693,-3.4378596891934263,2.2212882189548715,2.0550198222314284,-0.12219694372018353,1.6409060173627668,2.6422684682770896,-1.6235284563794665,-1.146842562307476,-0.27547680350929066,0
-0.23174169967973035,-3.8121391953934296,0.8966937189573054,2.793712165677727,1.0194254313426245,-0.07497070824900753,1.5804592162929825,1.0863695518480938,-1.4234991392413137,0.855591270092849,0
-3.8337256248405396,-0.0791623208342278,-1.826648174091574,-0.2949350135924076,-0.5189523942248975,0.19223299272918176,-1.805332773254385,-1.109351676814846,-0.6811464996398853,0.22207886856095407,0
-1.4820828280177385,-1.4324388216973836,0.15671443487078707,0.413124963837755,-0.07347578310252356,0.04263910113896319,-0.33589293063970455,0.10121183597259767,-1.12013958157823,-1.1271867215518667,0
1.5755112936328777,-1.6758347686253863,1.3332997038070538,-0.219637416819621,-0.5383616255305599,1.026483746097456,-0.6539556632828727,0.06460286716813449,-0.19418768829801292,0.46200833034702904,1
2.3493989448882155,-2.533835623150146,2.1588899657133047,1.6968850863410352,2.1093914993098153,-1.018919124882284,-0.14092191894636638,0.9704553921970649,-1.378108665418765,-0.2580710536011443,1
3.644945973767803,-1.0090557770992281,1.3758296557868224,0.41259262376219963,1.3533950284107652,0.4139671317644276,0.19071824013316302,-0.2591982227308335,-1.8930051820268736,-0.6993072987993352,1
3.305974929467814,2.257230734614294,0.16891014765942403,-0.5000945600753068,1.0164723304359482,1.8661840713907063,-0.15101927553074548,-0.02369513224072073,-0.24402541152099547,-0.2949855487965577,1
1.9879971885906649,0.14497143156803255,0.5929415580053641,-1.5737232852614327,-0.025234743059430853,1.8665460420847055,-0.20726548615759127,-0.011346563231017098,0.06553407161681704,-0.06350897531378732,1
1.6021724923099028,0.3748544608107505,0.4333054745874381,1.6212597787479337,1.310681576766177,-2.0106497643729377,2.103125790138084,0.8668615579167382,1.0178204879265875,0.7251667278617827,1
1.0212164239268682,-0.4864127339149027,0.5224547199925889,1.1214733331590514,1.334243468333782,-0.7700880122096676,0.5487492075359804,1.7598372555575967,0.7804715981457381,0.23910616974465138,1
1.0931604377626525,-0.21458638291164275,-0.4108221942641035,0.29833540880625264,0.29580004246099745,1.1815768943472102,0.17600762163760397,-0.7468970560213465,-1.1439889079696208,0.07792376638079898,1
1.415791532653648,-1.5151994517603413,1.6738765857028128,-2.283452775248371,0.9461794518978329,0.7741943324085838,1.8155248068387753,-0.4722987359929739,-0.29846148829360725,-0.13591987433350283,1
4.70345052662298,1.4150177336373262,0.6849123378917087,-0.1524583845648806,1.5479473479909251,-1.6668862152184911,-0.2176263924086248,-1.197425124545856,0.55698752873281,-1.2597071000069322,1
1.2657929275235773,0.4222658612903505,1.3191957074672174,-0.47967976299586457,0.5883921256092995,-2.299540014054493,-0.2673809575977892,-0.4116844465780539,0.7288177314314368,-1.056783922766599,1
2.1645800431921716,-3.246160292210507,1.2012488466672258,0.7700379728705193,-0.6164964912430609,0.6647450914376885,0.8466871934496537,0.35945201341627936,0.3001974585501549,-0.6924380989557158,1
3.7582931128018617,-1.0366280558091845,1.2473530668762032,-1.7861453899545443,0.22932531974511805,1.151289297121457,-0.45238813224625335,0.02413302792859434,1.414461106955625,0.8503381162766952,1
5.513187031620181,0.15217612066551794,0.810386792698591,-0.682561975040018,0.392276970923385,0.15143038457413657,0.5677571276713282,0.11689146880046886,0.01271705001845802,2.205174052941657,1
3.8483376372083833,1.212479040707588,1.824848377556297,-1.5256842512026352,0.9459762427585726,-0.32134648800496673,-0.26644778016442605,-1.0605998122661777,1.6248733997708085,0.5913349017620639,1
2.0935252195566845,6.956284284090909,0.6026419912117855,-0.40065972521004006,-2.446186386737366,-0.12204174787631161,-0.10772262217208287,-0.6939656928314504,2.4976926358007816,-1.6105843036626677,1
-2.870635682809003,7.112600936165449,7.482348100851199,0.4636823165862648,-1.2191804200949645,0.3296791518795151,-0.515050130172068,-2.045888831547194,0.0965401132402604,0.6698829870836682,2
-7.055381538560049,7.499538658270463,9.759145210940972,1.3541851258867712,-2.755749639774857,1.194011471484243,-0.5277958681928276,0.14072672803409367,0.12347350147410172,0.4486847024605979,2
-2.5113657830737144,7.318176861118381,6.834358907230124,0.7979873140182603,-1.0878976494467838,-1.3113780847920942,-0.6240415423738843,0.9845562794821944,-0.2486641378179579,-0.6679851995308399,2
0.5287654203149597,4.10197215962367,2.8931066701344466,0.47218764166981564,-0.508822949539934,1.1467570260972653,-0.8069566046237888,0.1217257760948926,0.5433344301694308,-0.8101402191546866,1
-4.38589379048657,0.17764781981966293,-1.455846765761783,2.7633819884796473,2.3964935164487002,0.08409862553746661,0.42129323983680667,0.2572578169724262,-1.484158380054475,1.0518983837005562,3
-3.8295809142406094,0.0713100418634274,-0.6596516093644954,2.7056446465395,2.305316763261323,0.6809740404855815,-0.9054915804037591,1.1474300212121786,-0.5607557327733479,0.8671187001077056,0
-0.43609443718665875,-0.5834062021605302,0.41945920178984686,2.615930522492211,2.6516487028163462,-0.34546176016117985,-1.1841902899786225,0.3115505430984138,0.04905469394388473,-0.6462528932116659,0
0.29689180309484936,1.1581238173287596,-2.1820093930844537,1.6244917493326643,-2.8334944763243524,0.3052636080391538,0.03458610894566416,0.49211946060629463,2.1134729824738727,-0.7632678914460976,0
1.5034884028371784,3.9608958699319725,-4.371206418210995,3.093964244062996,-2.6981267741843555,-0.3555545084859161,0.7427721010411115,1.4117180372670317,0.7071257910665666,0.8110846317455325,1
-1.9331597713708422,-0.9889458959360085,-2.7977097425524025,3.365419806152298,-3.6349712942850623,0.18189760734575922,0.8001258892577272,-1.1382557614425144,-1.4893677679547401,-0.8987303795517374,0
4.080128995028196,2.937003533435508,-3.3405578988628566,2.49763071401063,-1.2221966768664596,-2.2822823226411675,0.14153287401414189,0.61314350792978,0.44789382778359277,-1.2318546687186225,1
1.0662880200835176,0.43152330907392855,-0.8068861555965297,1.096770807548635,-1.282227180919797,-0.681324979885061,1.2577813775162427,-0.36801906406024176,0.8945174886678896,-0.47348296938219225,1
-0.6934756640067019,-1.8979781618427936,1.112833797737459,1.7720626755869695,1.0440292718888062,0.016996451454244277,1.627514741154854,-0.7341797351303514,-1.0140595936948402,-0.578605707130269,0
2.2743795344173927,-0.8218074404255105,0.3910712945990789,0.31280912725302706,0.7384520248896318,1.0337259620866792,0.41568293257017036,0.3235341638491138,-1.3302388691539175,0.43611291800524143,1
-1.629575522500795,-2.651204593250384,-0.5266649490472972,2.2036467206601085,-1.6333418953579115,-0.2884571924631703,0.29435390590165345,0.2407451190881723,-0.13217240767769511,0.4124450278276518,0
-2.03269271787801,0.1181583414331009,-1.2072212875358983,-0.7128704449152696,-1.8404179551807078,1.2238678587049254,-0.6853639473708178,0.10122071059441828,0.2894611176210484,-0.48944511564459814,0
1.820315728557714,0.6356739572307053,0.7099563953826495,-0.342117348120706,1.2811149921828247,-0.5049105808781278,0.4038288572569234,0.5980839955348406,0.16300758983757946,0.15285411666130927,1
2.774260020681733,-0.0027448014411367294,1.2070649303742726,-0.18738821372814263,-0.014314488978408924,1.1477607555658607,0.8183070552549859,-0.7395243261586683,-1.3170077622541831,-0.027757156893238405,1
6.9543604689453495,0.8345074572383984,0.3573369771630242,0.7396165738238549,1.564247877485463,-0.07488337582567872,-0.9866595100288613,0.8791934043130529,-1.131842667185515,0.8856646192788831,1
4.300416338994772,-0.33252133989636035,1.0780091732795634,0.07290208253279212,1.4380934438236315,1.4064387290818212,1.9806789329923815,0.05258298909665668,-1.0469034234120878,2.0001912389526884,1
1.7977213133918175,0.7142861904108737,0.8593923240246663,-0.006347836050764805,1.070679799566949,0.37696397454577923,0.779165291428882,0.8245700773096137,-0.4302022597282146,-0.030323138999240773,1
1.774411475879412,2.189048279432458,-0.3785878040108903,-1.168247605206029,1.0885492599051547,1.3961566737637718,1.6892283724328836,1.1802943022131607,0.12478632366758749,0.3606446672982842,1
1.0305937608591356,1.125528890289388,-0.5041757522407799,0.7741186857985105,0.6687977279589403,0.15454729231141084,0.13962801633524746,1.0554725548635182,0.7192620054713699,0.37545297576122577,1
1.0061313873270734,1.5831584630943385,0.018692154743154332,-1.3315164588825141,0.6039105031726151,0.14459541328983622,1.5769822130599644,1.2606035438364898,-0.7023931082579251,-1.9595675672499715,1
3.4105910070963077,0.23771443067348608,0.7418296788824377,-1.5034015621559922,0.4829061345686879,1.2580859491511236,0.5133374960568846,-0.24138290620316719,-0.7514196882485121,0.7086809596909639,1
5.3668494938418325,2.8907871914529566,0.8409538562134689,-1.7869817899863913,2.5828050088633323,-0.16181926489539533,-0.16559188049605428,-0.7453702469676661,0.5821774511112672,-1.2121671644584828,1
2.299650375745461,-1.0057644091391242,1.0095291028430715,-0.7795753162840195,0.9263595993550118,0.22483041739288953,0.4233343917079568,-1.4708622791105601,0.8824690283341668,0.20607998509810777,1
2.5817402281900206,-2.3170033323509847,1.171928606595166,-0.9366420698619955,-1.3020999399300397,1.5159750954930713,0.5079728527545329,1.7296720696430816,-0.32293912585043866,-0.003093696421538365,1
3.5697970294834693,-0.9100998882470737,0.20855549137481677,-0.8906636185082248,-1.2143186376906248,1.8277748763063804,-0.12391731498322256,1.2522679405759525,1.128419596163991,0.9757344263904205,1
2.875054008883827,-1.2581881818611624,1.3025706671439348,-1.5338602028042994,-0.13942552143948508,1.6061767756198453,0.17039257469702418,0.9414610668678935,0.7933495880377306,1.2846735265986309,1
1.4886841891554279,-3.0188629462990986,2.064519707662349,-0.6450631005790867,-1.1868920758997719,-0.39962845033733396,0.0667710796971778,-0.9086237796004165,0.5110641136406937,0.09582262011345352,1
4.273828608448131,-0.11790498039201497,1.8205090283375438,-2.0205093396738696,0.4505919815305902,0.6630418117906342,-0.27086646753527466,-2.15368289970906,0.22474830673252538,-0.13319858523743888,1
2.3668672701723144,1.5423174910785682,2.101839305100198,-0.4379842118390652,-0.6063015064926742,1.17286966013919,1.084440676497968,-1.059383523414263,0.3911901532374692,-0.8113519299722649,1
-0.13021204236541167,-0.9839714169392711,3.4902153313582556,-0.3245990773278142,-0.46742856093863727,0.28459594571253466,0.44571409203400303,-1.1220437839035564,-0.15597247871501124,-1.0115415334637383,0
1.2326701673594185,-1.2169766261332333,2.5472975157962336,-0.36239654255498216,-0.4115595774380516,2.2028085136596203,-0.6926239329166531,0.20906125059585565,0.7752711980866207,0.8172634238340827,1
1.5731018151671734,-0.6641637216989926,2.8208866489058892,-0.5458688064163666,0.7156590873671256,1.1750960776646477,-0.24163868551247297,0.05616767399093725,1.209818636759903,-0.06284144000093261,1
-5.710889320959163,0.5303999452418994,-2.5235839227779877,2.021893274061085,1.5641940026400092,1.5683459562814943,0.3048301150613345,-0.2618583157205113,-1.2391015144129438,1.2492686383861056,3
-5.308309498667663,-1.1750484025569619,-0.8114279419610142,2.9226797259796973,2.516927843267664,0.5665827183573002,0.3783816734106391,2.1299104350528832,1.0367571324935734,0.6340802828047329,3
-3.5557258697494314,-0.8598643462552783,-0.5153822057124084,1.741811226887054,1.52367410000253,0.9673488926991505,-3.870715135347327,1.2962109566244422,1.1350146436570454,-0.31192707671396425,0
0.0055668482577791445,0.31169167387821217,-2.064706035739722,1.1801794879481151,-1.0488491512366627,-1.791370520115559,-1.1487793265351964,3.5929764834643643,0.9060086928759671,-1.1753092662079752,0
-0.15826033169613518,1.10997513066578,-3.0643866904587713,0.6425489213821388,-2.814948127154676,-0.548422359063208,1.73053496749008,2.1760561263248235,-1.003890616623972,2.0718182509968037,0
-0.6436277617411306,2.0794560492872005,-2.1170556953412465,1.4405553202889125,-0.9640456239614085,0.4886362669490697,0.4127640970632736,0.5180733879914556,-0.06826448822946446,-0.1453476035056754,0
1.5647864880793616,2.9710163090263793,-2.820371382240604,2.364667496708437,-0.3775350942755219,-0.7554387797577,0.34037798143422565,1.7625100361527548,1.125566413105106,-0.8089907952956702,1
-0.5607452584906422,-0.42667247520715035,-2.197295994155978,2.5603610248329143,-0.8369631974132336,-1.3036951516626603,0.533229060250557,0.08076746897144382,0.09510372967224562,-0.47804448249552145,0
0.3982243327156398,1.397163711272306,-1.566929479974431,-1.4442455213353718,-0.358242808896283,1.0046836306052425,1.739309479164558,-0.9283628684289553,0.5162407815010215,0.7937295031551787,1
0.393186458866965,-2.0988996415935954,-0.06739288739068053,2.352257915044827,-0.2657263619556895,0.1829018139746322,-1.4850827596013454,-0.6460728664491105,-0.11668820250507246,0.7815295972634823,0
1.0505922498331923,-0.12210047736216956,-1.2722652346775,2.4175787540051292,-0.5448427281805077,0.7517439220474418,0.6141331115854847,-0.5239821887529529,-1.659732934723554,-0.26879831321967873,0
0.20049285320894597,0.07483475573024106,-0.7807347685857103,0.4180295398584659,-0.23073078287837695,-0.6271194884801781,-0.47299025851179427,-0.5515541499560761,-0.6777302796680946,-1.330962989307801,0
-0.90804209235694,1.7763251762213454,-0.756855523720746,-3.206610871179588,-0.321875485564599,0.7597982275874473,0.4439675956134413,-0.12225253118587373,-0.7166654279195326,-0.4099748807673982,0
4.042995006470004,1.340391392821433,0.5885491370424358,-0.4133417627100966,2.7348833088003994,-0.9641003600375073,0.7152395321860184,0.35399097466964646,-0.7130976124953666,1.1783276439659858,1
5.836122142991629,1.99182904524149,0.9194119864444557,-0.04175717083706445,2.213507259308572,0.5324547401327775,0.5484987409643922,-1.2301820493531395,-0.45588173537401244,0.22512961676942794,1
3.4962814569679783,0.09750964198755135,-0.09902877861794007,1.6597803067946828,0.22897457901406754,0.9340804614329701,-1.1179874708791353,0.3800148028192576,-1.0268294514798635,0.7481400402813702,1
2.635609706926876,-0.8184855697988874,1.7950417442550919,-0.7806293588525989,-0.036445306240068476,0.8228827802790699,0.4897093407276857,0.6346476075570598,-0.45217981974863664,-0.9802560411090095,1
0.9833368275624024,-0.7456642599114559,0.8834100919635821,-0.4308056052925378,0.4478747506073074,0.32120659597447726,1.0343659331603925,0.35975805813558703,0.9971232288671815,0.33285130033816035,1
-0.13879020353927798,1.6322959116052604,-0.648741773563371,-0.8471265274606392,0.2434650792576621,1.1931397939407082,0.8634388111785598,0.5484523051285162,0.7993489095597658,-0.4540890958762297,0
-2.0608556870898624,-1.7743104324329806,-0.00024468262224586895,0.4692100809033496,-0.35622357729838605,1.1470359691351264,-0.6431361737182424,-0.8764512045431122,-0.28216556886370736,-0.7726557374831775,0
1.2786369194486,0.18467843159777028,0.43907519286904917,-1.2311169061494365,0.5469748227537199,2.6580460109069657,-0.38407487687401104,1.466793034391707,-0.4947151117758071,-0.47918594080859317,1
3.1886199639478447,1.9522442719095592,-0.3940283331534051,-0.688234268034714,0.30936431962667144,-0.21359908052421583,0.15153073197260644,-0.011445881923789751,-0.02624461521671248,0.798761608497427,1
2.093324741089671,0.9925584875598898,0.329545041319277,-1.4088132398437585,1.0551749489011957,1.2461771131516561,-0.03665790992398822,0.7393406006726334,0.7751107046849279,-0.34513059108540545,1
2.0818296744151645,-0.8755806048946633,1.0219587785639341,-0.5585543483841586,0.13684024413575005,0.6822849554276964,0.6631613072892675,-0.6055599701406056,-0.000523511936812715,0.07829103937783595,1
4.519262864117536,1.634711289563148,0.7441423160875208,-2.164113087491887,0.48644223874724485,0.7602728054159478,0.42614678872624306,1.043327198189414,1.5261759122668968,0.6102012494161808,1
5.172173951922776,0.20678242832603289,1.5112713331260474,-1.5768225453513085,0.8485176106681892,0.6959335845203527,0.21257779913454636,0.4212354561534717,0.5185094732083089,0.3797915736516919,1
3.286663991204053,-3.229081185321737,1.7201756180936498,-0.9213280435267693,-0.14959359601696495,0.8838854873598521,-0.10758031255544953,-0.006739227992495489,-0.17422138510877347,-0.561096764636233,1
3.540997424771974,-1.0067423467504002,0.14669817731827495,0.5265795105038245,-2.394801675803033,0.27339327789107803,-1.7647058935728335,0.1938579330491203,-0.2011152954601606,-1.7072841110359562,1
2.51094014360464,-1.5253516885870495,1.4783755173903659,-0.515225569504837,-0.7263231335533037,-0.2505975797005836,-0.9342681253391112,-1.1438780669595259,0.1977390348401976,-1.5355442733943505,1
3.2190064161512257,-1.225541962020634,1.4418932416762125,-1.044442424977267,0.2240949254412079,0.019101845607329526,-0.6917789636557778,0.3270079631876317,0.016351611782523146,-0.1579918907614024,1
0.7478897532920563,-4.111222985428986,3.2385565981409528,-1.3107343188130036,-0.36384964997944474,0.46245144834741614,-0.9500314330056371,-0.4208625617355899,0.7093976696144086,-0.3929260738231181,0
2.0663083607446535,-1.4536190352846925,2.0701776963121565,-0.9632232228498259,-0.43236690847487935,2.241595375711978,-1.0440302305593558,-0.9933718330136648,0.9442562167810191,0.24742501390268445,1
-4.2387261701973395,-1.2642319946582805,-2.037850428211706,3.14090521052835,1.4011018799207813,0.7991672291812981,-0.4091588862819814,0.2766954830275098,0.42784664347538126,0.8981753352272179,0
-6.2861077181207765,-1.1925608191854455,-1.2223545403269425,0.7157815896961611,0.7067675865762068,1.3428411905512692,-0.9630822714253552,0.4680003141219452,0.6821091863128821,0.675584717765624,3
-3.6770421403952414,-1.8389941513158456,-0.4268563367070129,0.5036508685619229,0.3895145251172105,-1.1870780733547817,-2.5462197792076084,2.1004308600580215,0.2329227990066522,-0.7017207844755372,0
-3.1128833707661,-1.9683329203194053,-0.4099364755064559,-0.49702556517086927,-0.4683248443256589,-0.3860489134023897,-2.0934300342498653,1.3957923346938679,0.13297195171806658,-0.2982244694252363,0
-1.8551938898448794,-1.1985382960491486,-1.282405792273868,0.7566543343506855,-1.8313739578472052,-0.1015977826287568,-0.1893833015430511,1.8945098196199486,0.056830768583043506,0.017258907362056666,0
-0.9437513219699564,1.2585900136763395,-1.6949470742440877,0.5147612223548301,-0.6205583126789453,2.342624250793965,1.0511342829499546,0.7244304102210282,0.5376097643525724,0.31426697477611304,0
-0.5318608844523888,0.1725346835086498,-1.6149859809895613,1.4904362264586566,-0.6720222389736558,-1.1345266890343182,-0.7947374392452475,0.941793649634711,1.0722060198858123,-0.16126639340283722,0
0.7838906709481988,1.5663204058531264,-3.604245001875284,-0.008169089857439332,-3.6831685881151857,0.010531806156911405,-1.0266407061473808,-0.057457573756681174,0.7190082844682026,-0.29421641057977316,0
-0.7583383967699946,-1.4220635077817463,-0.7885846961753045,0.5665483666443314,-1.8513947342734651,-0.03334493396468047,-1.3229279828005571,-1.293038030957216,1.1114965679699174,0.5323644381541329,0
-0.19377449825594162,-0.4557273351210167,-1.387378488731739,0.603489204707929,-2.0240220298850256,-0.05635248232803952,-0.10675345913232169,-1.710730955294701,-0.4032960570120945,-0.03875853961978282,0
2.3205119448905656,-1.1982024510897056,-1.268659789650191,2.1970299680566128,-2.3375118009055544,-2.5540993416387603,0.7640792281033553,-0.639894295204032,-0.013476022234433227,-0.8318702499408406,1
-1.1372001665244964,-2.0862764317540696,-0.094627405059035,-0.5577235080051235,-1.9327935231716977,-0.7044488778853601,0.7788104986723061,-2.2969436965678742,-0.2248675539883518,-0.2010788001968949,0
0.6064298306561886,1.2433153705269566,-0.6525226310205614,-1.102512848001689,0.34991274875562395,-2.1330529592824687,0.138323768039366,-0.8449078526357402,-1.1414521771705513,-0.927940138404856,1
1.0661171248209291,1.7542783402244249,-0.42115473160487776,-1.8207382132027035,1.3185984713145107,0.4795371743478076,-0.3172765243435584,0.5242476988319784,-0.5682690868608387,-0.938690783665066,1
0.1200077992681321,-0.5936003743414966,1.160003822220749,-0.688631959495605,1.492873636999915,-0.5505424016969076,0.7629731611431012,-0.8590765022369953,-1.6357438589334528,-0.8763323380159913,0
5.1475839598218265,3.156064818991883,-0.5157407186114664,-0.984340837906123,0.3634009197722315,-0.2066794210440418,1.1445559606433449,-0.3479842910265075,-1.1051110962830506,-1.1044737054881903,1
4.214371580089843,1.0425035252307684,0.37772731200919596,-0.026173874398516206,0.40158575671962327,-1.5004276214625776,0.702931864015625,1.390198014582181,-0.29640258850213674,-0.3649836832026762,1
0.7015566954099766,-0.7679978497231648,1.2174317867400442,-1.200663188240241,0.6437843099495886,0.43332645839975004,-0.36985986266874554,-0.4387300685640447,0.723553563091262,-1.2753478190677987,1
-2.698550938150104,-1.0586491266806364,0.17702964308052324,-1.4963396905740396,1.090344458883012,1.2982200395213015,0.3257376173468373,0.7557653508506343,0.40835349177173086,-0.056116171376993984,0
-0.6828782737679979,-1.1771422144364996,0.2401973529591107,-1.0916449484341788,-0.702388878814713,2.830210173815568,-0.8233881579781246,0.6142102928056847,0.42133983219862225,-0.9778204847283689,0
-1.4030506941697671,-1.1215182926955272,0.5260554980364195,0.366022380718775,0.21495195284450563,0.4911200614481213,-1.167601680139172,0.01762997981135825,0.8206554746864861,-0.46098867707321745,0
0.6257174594056817,-0.3650104312425744,0.6561058827536468,-0.7342667278121013,-1.1073121885483275,1.2875050342866279,-0.9926459728858745,0.6992208798796143,0.07761169033802845,0.44908228197012034,0
1.2272802451995126,-1.2828340805683327,0.6508993056693144,-0.7743171690252599,-1.2970878798903849,-0.09552782752194267,0.13540961394065015,0.1737876899987543,-0.5499345355211755,0.4680315215248383,1
2.2648439677471823,1.838705641619631,-0.02709469677915821,-2.241769893553647,-0.31675038625997387,-0.02249025819258199,-0.46495733578116993,-0.6196209418299521,0.907863248672592,0.13637941397912778,1
2.8528254093799195,-0.5235746905233575,1.4068039105065,-1.884193217800094,0.3084915947607256,-1.095220368463912,-0.7250822861661664,-0.12871461875273998,0.3122326724513267,0.04796580805771353,1
3.273908392708356,-0.3376781518044719,2.110496623915579,-3.8435062477131394,0.3793471724212947,0.6567125469833214,-0.06416523655338799,-0.6621986819915999,-0.04708790747990993,0.6242081984629353,1
3.5321428659386505,-2.8057543949779973,2.0864944610489515,-0.5884862780161755,-0.24383345370114143,-0.9451950409158658,-1.2601036815060045,0.9455903880305129,-0.3112120008889287,0.48337187154749095,1
3.65729164325324,-2.692001212228695,2.8371691106097536,-1.6745502412790403,-0.7090270315348932,-0.5601871836245764,-1.3683008038262117,-0.17512272629186154,1.0341903339453957,0.5630832119406228,1
3.640798303404107,-2.3063482701188605,1.9021275675303757,-1.2061280626321134,-0.9201345115227076,0.14334935220630496,-0.9256189766262684,0.15936824367824615,-0.033376224997831466,-0.38496723693439727,1
2.07694344322766,-2.5425710694730896,2.7196275159775523,-2.5665207476227723,0.37361049318656003,0.7251853974420697,-1.2686219365562001,-1.094726542079061,0.34070249559361765,-1.1732042306640982,1
2.024659239595459,-1.7732945553364439,1.8922073336145715,-1.779889450454661,-1.0083382173730184,-0.13438478046321078,-1.7316315142780216,-0.09935763239889359,0.6218525158431317,-1.0016045784354495,1
-2.827866303826931,-1.153138524109086,-1.436528197043837,1.7158312503252728,2.3320963697643404,1.6242117262853326,-1.223921482381062,0.7642751332934705,0.10341123831104578,-0.30144773184288737,0
-1.5183901807119171,0.28687149062535067,-2.324808162757308,-0.16311176267846023,0.6761240708287504,0.7995569899257113,-2.243979015127572,0.8897997111295096,-0.9926182323336187,-0.2421842213473163,0
-3.763329290262394,-2.721692242956432,-1.1018399999473272,-1.9187138977441227,-0.6502334552506577,-1.7713899125508388,-1.0947620230064656,1.4869110010547328,-0.42924581354987223,0.49881612196913233,0
-0.8225998304641656,-3.566315464247646,-0.18553000903415734,-1.6608732812028753,-1.8636778499898392,-1.4538048230556504,-0.3498075948392517,1.4060505167282211,-1.031687890681156,0.08360212076624618,0
-0.9601911200571092,-1.676136503622844,0.47363269434744437,-1.4057309907652222,-1.5956521365733911,-0.8956721836984562,0.00929782471074636,0.7233231929002639,0.2840768294914631,0.640467805952087,0
-6.102032419986187,0.8629629951051521,-1.3074635441806874,-2.5707441570704543,-0.8768973607643545,0.4342994000212105,0.466098469870915,1.0884381653140003,0.05763537654431816,0.10437201418741554,3
-2.3596738414156864,-2.294107460141661,0.15902555428946896,-0.48262905347517676,-0.8691651819215491,-0.45037756814261565,-1.2282433212010178,0.25485454865101886,0.35104462229418604,-0.04250093170510022,0
-0.7578485398493928,-0.5647925857832486,-1.5213220433483081,-0.18914962415682376,-2.3994586573500545,-1.7128268002097493,-0.7952250967423887,0.3130864782275654,0.034074585816153635,-0.30703439425082657,0
0.014220148178402336,0.3952974034315809,-1.7991602784667526,-1.3132592140245032,-3.401999432335102,-1.7010539901778414,-0.8442240063177543,-1.266484971476988,0.6725024031578289,0.9418650613198151,0
-0.4884987742912972,-0.7363705065975064,-1.6832712782844754,0.016354288536193973,-2.4424800167134215,-0.921350721596184,-0.07750285447366542,-0.46826012375865433,-0.38399962933665205,0.4472670240005685,0
2.6699219133024057,-0.440586749023328,-2.4212066927168974,1.4450108716471002,-3.015269452055175,-2.9056243545422493,0.3756458375979633,-0.7455522231186198,-1.3937971454349622,0.2670031235626954,1
0.5162349454532607,-1.2112425493627215,-1.3492004254534347,0.23661164816057792,-3.1448927648159035,-1.7786381760253558,1.5455821303820727,-0.08953563235783601,0.6458316453583848,-0.3604457361508931,0
3.4286460914231847,-0.19842027969661807,0.46308116025215473,-0.5258889258908501,0.11864662542369664,-2.8165044596048054,1.1974780855987817,-0.04136388433067251,-0.6551639243799543,-2.027096444202093,1
2.6393234328924216,-1.1185363512400848,1.0174069373503296,-0.07142903134429573,-0.24607020770895072,-0.12632288789211876,0.18476468437996313,-0.49993401574457896,-0.9114443161343457,-0.8172852874255734,1
2.6520540907554135,3.0451077653307443,-1.2154218515815909,-0.37846571040674115,1.049681276411046,0.45018887036713073,0.5482902218352803,-0.6146727944883887,0.5509022351264692,-1.228773745195494,1
-0.05079415782464025,-0.8096988045023534,0.6366071498153378,-1.5422069326955927,0.18514956414735942,-1.0855983757943175,1.2996532082587593,-0.5651491459934858,-0.0864683469262536,-1.3465932884684546,0
1.358861559406724,-1.1021417871341441,0.6204921833006827,-1.3659402825003935,0.6684822381753807,-1.1758853119880033,-0.5643469546507316,-0.5926806108109957,0.20377484059380455,-0.6638623598234379,1
1.2153933863604096,-1.5957572668160087,0.7556172527749301,-1.8768836401194529,-0.3473099986409909,1.0505963957223563,-0.028939850783227833,1.1209765691295221,-1.6868318731501932,-0.2828951895393853,1
-2.383489970277933,-3.6173458060466017,0.1460519658797883,-1.0152911142658088,-2.0922036594207456,-0.8026278423988689,-0.9919990509685424,0.35210867076762375,0.1635072787361141,-0.15709515043600414,0
-1.92770203676466,-1.1850599864001001,0.5763356753182244,-2.8663700614012275,-0.15757586926092765,1.3785710125041444,-0.01604310222407916,1.9148840879571065,1.3451482776884334,0.41846937691846164,0
-4.722459609504834,1.0188637589233094,4.443539988879305,-1.4850857029544908,-2.660175255520724,1.8734802037054592,2.5393176606199797,1.294606842186792,-0.6345293146056692,-2.4175097650486155,0
0.44910183724132147,-1.8421760432467322,1.5422345864909257,-1.949277594359492,-1.6687666093258058,0.03144048321039378,-0.6461867279516409,-0.040603572133531496,-0.023058220440176636,-0.5861712635601977,0
4.05484587056396,-0.6939806399491592,-0.33219137796508647,-1.425546083566463,-2.7858080341520743,-1.4138106479568189,-1.1881090946199087,3.0264348581129674,-0.514595180237867,1.0618195293914687,1
4.052185776275479,-0.6588376133444592,1.2813929645903235,-3.6690485205842247,-1.5373809341075457,-1.191482647868177,-0.502428725604928,1.070739364802313,-0.5923273538671647,0.9963341344397613,1
2.7382833516524583,-1.0851980781179469,1.3839692308305729,-3.2952841513759954,-1.0920136256909787,-0.41552822510913184,-0.7827120752295099,0.4403896829467324,-0.38772903856866775,0.03972126166698258,1
1.648372474622965,-0.7193055823735279,1.3718512041456425,-3.0886181057559257,-0.679765838189233,-0.7923350575953667,-0.49457024605594185,0.24962565050045732,0.5512740543180817,-0.844265194118256,1
2.2209107634098793,-1.6916818128799131,2.026382566552011,-2.5211471887803594,0.2630547274869642,-0.9653289610196208,1.287965880579299,-0.11295779780198939,0.7636390697317668,0.17202295704921652,1
3.0051116272016882,-3.836161178331407,1.8131286022702304,-0.40613627020841964,-0.8709372714099843,-0.7013840577898047,-1.2246608248615014,0.23807866783076484,-0.16844805086813114,0.24272259739048294,1
2.8544457816763558,-1.8984256127869237,1.8556833995351782,-2.1726368304526398,-1.1654047515451493,0.40038337965249193,-0.3066603039206631,-0.007337227711479689,1.1576180883182032,-0.13114359865177763,1
3.3864227973406207,-1.0029031942633453,1.562355296214112,-2.092425192817604,-0.8646475878450853,-0.03416688749743216,-1.0866479625424843,0.5134024066260402,-0.8685676959368702,0.22972182296493404,1
2.980267125916896,-0.4051974875888522,0.7032227205161741,-1.0215659228298033,-0.08847330599575481,0.575945820615974,-1.0377310103344124,-0.20892607561230664,-0.9978383834078599,-0.769053624789785,1
-3.9008985162475676,0.49463084282810804,-2.636885406664784,-0.07597625271907676,3.0721019613535443,1.1281850737156356,-0.6431086842559879,1.235068422277785,0.018672822089697616,-1.126859775418921,3
-4.253713332400256,-1.2193697928961338,-1.5761863917706027,-1.7291325685317358,1.6262743400065958,1.184899148412297,-0.9360932374038258,1.3570341243655184,-0.5650313562649174,-0.575544611875433,3
-5.264192521165288,-0.4670574460468828,-2.431064360810328,-3.279600145561165,0.6191035543503529,-0.8761336902110368,-1.2922822052995464,1.6608739239359578,-0.8063490749189084,-0.33311164919120023,3
-2.9319191229807746,0.48980992134031287,-2.4150908286400776,-2.416319211283408,-1.1031640635479973,-1.05327709325098,-1.3878554718482796,1.0429921293251765,-0.1536373131428665,-0.47052854171081404,0
-1.5496000322724914,-1.9360268259442868,-0.1505449273815745,-2.880402025379841,-0.9395425284083533,-2.280137969958648,0.4970441297726014,0.7817360775669222,-0.3512180024455319,0.7368464710165841,0
-1.988081716786476,-2.2275882608312756,0.5943245103470013,-1.797060879416318,0.324323287468922,0.6479058932001776,0.3473875906861241,1.423652677634459,0.7884731920740123,0.04062734888079317,0
-1.8447307742780785,-2.645845356042157,0.283661591490753,0.42692691066230015,0.2083321927073798,0.3695774724207833,-0.15635135856541224,1.9950496782342892,0.278059472986144,0.38969185632623404,0
-2.822661767075207,-0.8368566871742067,-0.6062053261383722,-0.5129724351495497,-1.6697653263491523,-0.3628713372435558,-0.661788415611425,-1.7202283330706472,-0.5155430260757803,-0.8395453159765727,0
-1.9569532238639358,1.6554011666112045,-2.4689126272759085,-1.2183642203718508,-1.5430619271914514,-0.633046547640137,-1.7048246005638439,-0.9552771038869936,0.1564052202153839,0.9673979056541899,0
-2.1014537016353216,1.2714888955542964,-1.9066599110241191,0.20706334037089663,-1.6039006707949603,-1.5460337809031794,1.2675006255977204,-0.3708503891601522,1.412940328065634,0.6964922587207125,0
-2.0700360563468156,-4.052550708974828,-0.1436857531354624,2.270903359176398,-1.180479851053555,-2.430948238735207,1.8272737143982942,0.7532646195666589,-0.20063669928498687,0.797984563152877,0
5.988131268228566,3.2206920572175624,-2.7046716016148302,-0.8407935942666092,-2.1380184636248822,-2.980254376896112,2.2904475312262687,-0.671165156249736,-0.9176739213477207,-0.6105454750893675,1
2.9560042532284996,0.5484121011837935,-0.7245767133510564,0.40828311306552956,-1.992619044254825,-1.541696215200153,1.0687923889528665,-0.3500649607620501,0.06883444132413434,-0.43068195441474727,1
6.495182346753516,3.5142064467432506,-1.2873155378940204,1.6366805491470913,-0.44987542515075274,-0.8201968358241642,1.1406247615085934,-2.879983550590314,0.19938884844816407,-1.430689151602556,1
3.707642697178322,1.0701574457921386,-2.446671800626837,2.9122659077249073,-1.2691537198277498,0.8830833403782511,-0.2924976681954272,-0.47436317350559537,-0.5077791841257391,-0.0916566140325108,1
0.43430629482837335,0.9765983647534555,-0.4710299191366685,-1.6227584595455171,-1.117419583598125,-0.6564153736414895,1.0987611583533872,-0.5814044812687422,1.7142462954013662,-1.9297593671963496,1
0.0488178005375981,-1.100182202515851,0.8343392258959195,-1.8826960980109124,1.2265367837719456,-1.2441568965934438,-0.36653690762426455,-1.4571040846797207,0.3953091632050193,-0.6207493495010002,0
-2.2441535210397685,-3.5970082865870943,0.3898220029331802,-0.9117476201240302,-0.40054085991128924,-1.6256434854523316,-0.969076544170288,-1.637735796409031,-0.8502103434747327,1.564617127202569,0
-3.2533417462263676,-2.534527255641386,-0.10832990110621607,-1.4938132368187433,0.03785629863861506,-0.8984041690756279,0.6415274152193753,0.8764962582255311,-0.4922839425637381,0.5601734862714641,0
-2.597152966055434,-3.365477498196148,1.4453728140262536,-2.564062189326336,-1.2230224293071668,1.8594715122074763,0.6810437946135568,1.8832195396382323,0.3021628717330546,-0.3281085925537165,0
-2.600430282618953,-4.792424580682676,2.3638807198583383,-1.067949846747659,-1.5133534588761763,-0.8327171839754705,-0.2476394909270384,2.2004815996667766,0.2783604029296656,-0.5476930019112558,0
-1.257594004455516,-2.998145064112397,1.7480234724517807,-1.7826340511470649,-1.8922554677517025,0.2592297712490682,-0.2961312827157394,2.4091507376241696,-1.8748697143755355,-1.7588518856117499,0
2.080961125478714,-0.10026127017261918,0.6805914989268476,-0.6495497199407082,-1.5237003006946002,-1.0697977533077867,-0.4116083449899063,0.5090155811087806,0.08885837799623537,0.8158545891078642,1
5.236349444421016,2.029418781704326,-0.5987304217831768,-2.719220413602372,-1.8035888031701142,0.040365288430393775,-0.3999288902704977,1.6374777967353225,1.9270928456618812,1.1819242750176246,1
2.336096472619024,0.9091283773759786,0.7472590942084356,-2.815780415340112,-2.4589855928264264,-0.6470664659130521,0.7049219623179392,1.4370959629775415,0.14670053439366043,-1.60198467213615,1
2.875774056922749,0.9735785641399559,0.5965798300559715,-2.8993365198875454,0.36156097383602165,-0.09962252503805724,-0.0069389003860865495,0.8029813735810636,0.46353038533033847,-0.7895689202930891,1
2.775010835003486,-1.2190581394947493,1.8191449002167317,-1.5137015757006318,1.093953031359256,-1.2719568656408515,-0.7907002617377569,0.013780717668154599,0.4804867590738099,-0.3502005054848012,1
-0.24663884354638088,-2.5570994829618727,1.9755653777632463,-2.033645228878201,-0.8064262934316039,-0.23508258898904538,0.6782791863179862,0.3003713986012754,0.3676421111610113,0.01730895224906097,0
0.4988809166539242,-0.8255457451116981,1.105022351060502,-2.2394100742495953,-0.6096973923925264,0.4396377391677623,-0.20618079636305026,-0.6600181233135931,-0.00842010680740339,-0.08234631366269907,1
3.104535148875116,-2.139658283354289,2.0480660023281905,-1.8859403351328792,0.38187539599965126,0.18931847554023065,-0.6587600668211977,0.5265093391123201,0.25899776456454227,-0.3688784262239697,1
3.5836687736759405,2.111630668602331,0.13862638049692477,-0.09648937958744441,0.760143122431693,-0.3057299828670431,-0.7359445310689188,0.7401830345039333,0.31283137549395346,-0.25753565329622913,1
-7.880957898417167,1.7310017168243794,-3.434285424048473,-0.15280808836865145,4.33356024779475,1.1286120990980488,0.13419337117216734,0.28333062224242267,0.7602147088174905,-0.7787094526798476,3
-11.233500175141794,4.8141503443655935,-5.6406993428005485,-2.7881039585093177,3.634425171605186,-0.17773614065259222,-0.3965936630672422,0.14405054360756225,-0.11794351496391652,0.9079551974794361,3
-8.55188800009084,0.45374721485117164,-3.1683632452371793,-3.3321938170472682,2.510408655599421,-0.8687062836911563,-0.8739607985061443,-0.3499303485909874,-0.8703389304060516,-0.08804259387152158,3
-9.715767474529958,-0.1043277435217611,-3.444093787421468,-2.578600299617192,1.7208936098271423,-2.144114063585369,-0.04748985883363782,-1.5004549206870643,-0.7564746043392115,0.265224563605312,3
-2.412601240793193,-2.396330652238115,0.26008234244062045,-2.425730175387457,0.31954721612254344,-0.6835523360073593,-1.1188857416406421,0.5437700570653624,-0.75722788666778,0.2821619723513204,0
-0.1596660102003653,-0.58010213294784,0.2713725008794351,-2.810168776380388,0.5340413730202878,1.739116069011988,-0.3419339548006285,1.565545393771755,-1.3569544660562007,-0.5474522815252313,0
-0.6681468015088199,-2.454953855042172,0.22255973482055502,0.21078841426146955,0.03276370382229557,-0.9779553504211378,-0.021346019614972372,0.6902654347717637,-0.49009245784162825,-1.6326516082751825,0
-1.0211620037282112,-1.4505018657328135,0.19340734558507983,-0.35868527541283246,-0.5007831904480687,-0.13584853933242502,0.1985496585763996,-0.6516654011998263,-0.1183452306440464,0.7727305079121888,0
0.17890473161412346,0.34380790670148675,-1.1979222171438257,-0.8718010349869963,-0.3236583188645128,-0.46966817724383747,-1.0851390730079118,-0.2080723474559199,-1.3690674140097152,-0.7647289112951812,0
-2.7923298643095875,-2.257931242806011,1.0307783270430395,0.008208795588676099,-0.05843267107394272,-0.20286214150876974,1.6382385634352463,0.6234741655720168,-0.08890655119952898,0.2820608782543455,0
-1.901784452312902,-2.8738521654169458,0.8573005929925039,1.2182539851436327,-0.22846914577277855,-0.6229759234933261,1.39025232784555,-0.10671582617115714,0.10135720276167942,-0.5411612665464146,0
0.9847031743029292,0.5820073846028069,-0.9605456886895147,0.32636515819183093,-2.277354153269533,-2.3038781988981656,2.414029006509509,-0.5488239707312295,0.4078169149529532,-0.12117854373912518,0
5.547939237146149,5.0260420043299945,-2.919003983302405,0.22063028367311083,-1.2173937688597958,-2.9841628739043347,3.159057479126976,-1.7000664157697178,0.26891267177608963,1.7562452586750217,1
-1.2132531452974833,-0.4716179090085183,-1.4977758074050185,2.516372788658567,-2.1492650803792452,-0.17399828633839115,2.1466511800547656,-1.8426982617076173,-0.06530442281392962,0.019692074494487066,0
4.076913884600266,1.0439881008700667,-0.6949018563723856,1.4550462290695796,-1.19445359303194,-0.08104826232169689,0.9983387935857261,-1.7477619765230026,0.01794748971502491,-0.3603629213945146,1
-0.18422163005888992,-1.1244492548100025,-0.3599028995210965,0.583941641080081,-2.4488014440092263,1.1468657178335047,1.0682027043151248,-2.0285515982310405,-1.0132635062271727,-0.7089940515654796,0
0.08295167354887556,-1.8227099652261547,0.274145098082522,-0.5500491382248848,-0.39119284802547205,-0.9937556930686746,-1.045329257182484,-0.7730228881841839,0.32285047687237534,-1.6007930306380698,0
-4.375252098073789,-2.5233583360474143,-1.0995620813467923,-0.04306550105667287,-0.9948320797720931,-2.9246993110483794,0.29436146137376684,-1.1238373405875515,0.17835282010461123,-0.48628253847522196,0
-0.883865076965838,-0.9172004232745676,-1.3993621466433912,-1.609130070571905,-0.8154167239705326,-1.265697307633188,-0.4292298155787718,0.8845856248499108,0.8779092048597963,0.8624286665481525,0
-5.0041633222384,-1.1597088008283452,0.19222390267571998,-2.309094962337242,-0.8125393357173645,-0.1276505259927106,2.3034300102955783,1.1555699856223443,1.2977440328771723,-1.4470465255547953,0
-1.2411592960368296,-1.2933927085782764,-0.2804015809362247,-2.1660864983279495,-0.2644208223953285,1.6099001901455057,-1.1281906061659104,1.1417355035882157,-1.7207475883790582,-1.0776803891441042,0
1.1283441406005195,0.34258967064456813,0.10040311477861308,-1.4670791535834993,0.08282779789678313,-0.1617750959509605,-0.555462733314771,0.9913489515639999,0.8914464597234661,0.4039498160904879,1
1.852948314130252,-3.3999494783238675,2.097238847921303,0.01762654305410316,-0.16149397179083969,-2.3387066287803977,-0.05524234896509722,0.6630790219257683,0.5105699928742332,-0.11402309970002629,1
3.377923749236073,0.6079510711161635,1.6380667531564752,-1.2290559103292054,-0.04415178127950231,0.15548276093566993,2.5335227029442007,-0.054030507104671055,0.8621242718271682,-0.4274820522412085,1
3.334088038668143,0.33545635112314465,0.959243873544403,-1.6557909531683133,-0.14977681145382724,0.5978900214580782,1.3472421391764775,0.5201735893424159,1.3083172462551511,0.2947630681178572,1
1.9674604331354506,-2.089222171469988,1.622817742836983,-2.591153427542169,-0.23853121300223162,-0.08172118535405035,0.5215034852838271,0.3842557266579379,0.41459372437610276,-0.4620278910396923,1
4.554263346627244,0.6252039284101457,0.43420425181296246,-1.4813991047831143,0.142915379035473,-0.9310896471466575,-0.7863543237588011,-0.24287856436528754,-0.8572458445957506,-0.6056321562162662,1
1.78392359053084,0.31395141621541567,1.1522427408385805,-1.4956117717332444,0.04015839099556237,1.0664166315950527,0.44363910901216347,0.026535472083401845,-0.4646964074243471,0.3755884491568497,1
-0.7624820749756476,-1.7024521306219835,1.462830129599162,-0.9805861871895428,-0.4496560325428223,-0.08570549118151655,1.1701769843765117,-0.21018471654826112,-0.4363547617960341,0.12192176883077496,0
0.9012836776831227,1.4596354193019165,0.9285313706430266,-3.8972474162588435,-0.1550032996378619,-0.7144781165044359,-0.09490640700387318,-0.10686304051023765,0.36711946765189707,-0.554286931500745,1
2.302336254576807,1.1740166930649234,0.782846457829449,-2.2297360668340414,0.8682194034201076,-0.25231471434223735,0.24462320607264565,0.8923654163280843,-1.0837870302076524,-0.7256258378157974,1
-10.504550459935736,3.1175198283946024,-4.183962677028584,-1.107073165157138,4.052778035490686,-0.05225812711515529,0.8470202735081565,-0.1112650822242592,-0.3753344997948042,0.06175981468017054,3
-12.21471115795522,4.601757150246715,-5.543047216527397,-3.5415483370283614,4.069266190462368,-0.33931967847075795,-0.48894533344917224,-0.8949891575052621,0.35734457236900197,0.04736170541286809,3
-8.280104258893385,3.430340145086568,-3.9129219939940088,-3.839450536880795,3.923954014245586,0.023593372256626832,0.11607372379800862,-0.05277030920605036,-1.791745386216864,-0.17495775368377137,3
-6.267681437214115,0.019014696495384564,-2.564146999626353,-2.1507692950367954,2.1192998698779517,-0.8679029681598435,-1.167338103482094,-0.3467952847245577,-0.33415155634947286,0.39060680346404114,3
-4.499932227123729,-1.3792509178255186,-0.9795613869451203,-2.8533384209603128,1.0864338846711972,0.45528579195682944,0.027060680814177562,0.49111122906326454,-1.3641731555619832,0.16440928220513565,3
-1.5207739503042097,-2.188946355726639,-0.3245621080814586,-2.077570532991378,-0.5367978269739563,0.6983771165414207,-1.0759595368887815,0.2559401166948735,-0.15354232306552978,-0.07446523944671864,0
-2.2455158102720687,-1.04096922228684,-0.711118525078995,-1.1570829791850574,-0.2786614632172508,0.18579227245862867,-1.1901068628838662,1.1624918268060738,-0.9152416871329636,-0.3426367266753271,0
-1.5402171954270203,-4.853621887061895,1.0484962224291159,0.33008110691161263,-1.2288978115006912,-2.305075413082802,0.06315176810238132,1.5570555166224054,-1.1563452664197706,-0.2910793379971822,0
0.9493065261546295,-2.830071614913731,2.029357180703919,-1.9577674398022,-0.5357161531607766,-0.79132684837223,0.11874650738000833,0.7441266451416622,-1.0428698385054471,0.6171122108365801,0
-3.092295922089005,-2.993960857963143,1.8504826129030678,0.21494365486113076,0.7245964277013499,-0.5020819184369144,1.5991285718639292,-0.1956320958248668,-0.32430953527713047,-1.5280148519188903,0
-3.5490517499929997,-2.1589963569112554,1.4642309170799779,0.36377864433145735,-0.11909361318222125,-0.26603991108483505,1.0143910970579344,-0.3481054537641951,0.9026811810545311,-0.23302321944741217,0
-3.374729145420091,-2.484609374609003,0.2864309629562549,0.44975389058961074,-2.2220219877372074,-1.0802780407307593,1.9678617397440021,-1.087342966124711,0.25049973345576515,0.6566976793539563,0
-2.1463055822441546,-2.363509536226647,0.3353579280224365,-0.31357980626408255,-2.5018258452816102,-0.6034213389242137,1.7649829834538033,-2.0525827632074947,-0.22905291805177078,1.2724346477365063,0
2.5419818824608598,-1.0975972259738054,0.4497165844906078,0.19089650946751727,-2.0551355425583093,-1.1192546751930155,1.9383545923559866,-0.7852875251127968,-1.7370060675120345,0.7616871185379075,1
1.934812361039977,0.14485338502555667,0.5451387931924238,0.9140751881930986,-1.003737959390239,-0.6750489327676765,1.8391054244711929,-0.9280263479925734,-1.155751376505174,0.4971015212498055,1
2.9148326645586913,0.44161007638789695,-0.3945445916584487,0.8308206132930859,-2.4685666561291946,0.2760259349319699,-0.7988482094088317,-1.5309216033148476,0.45786908478513805,-0.32569128688588134,1
1.318201237715174,-1.1144408377303856,-1.1987080998989479,1.5083196245591894,-3.275046998453429,0.6556292504569629,-0.8907322677891454,-0.8856009600276524,-0.5307924026620909,1.379574048730888,0
-0.6839298953574715,-2.8790044862668664,-1.251273369527329,-0.04707245231144919,-2.91524722142071,-0.07124474541222187,-0.2812924371898359,1.1319953026102383,-0.7954819556619909,0.7847383481345711,0
-0.9417560091725237,0.18484089391339728,-3.4059649990481398,0.3028090915132333,-3.4623505557818195,-0.34964901186396397,0.35176796443504066,-0.22574255464925452,0.5642807048656652,1.7348127028761016,0
-3.1346923234944244,0.1390904603261806,-1.3623510833986852,-1.7804883784488872,-1.1241055289604756,0.7197006293506516,0.924710470241195,0.5466193685209897,1.3982770610641582,0.3999317530055991,0
-3.66127597008256,-0.4665049311486466,-0.1337886269804659,-2.6129175281806467,-0.11943874079930089,-0.520552330366401,0.07799545295829938,-0.7018445157787827,1.2343047702514267,-0.2720834166294758,0
0.011914060248174763,-0.9028024635807207,0.8857603541816582,-2.3826609290964313,0.2564392964727919,0.5436021325285489,-0.2916557126678601,-0.6594429865612305,0.8219093334006791,-0.9897480220502919,0
-0.2003610283910785,-3.3338197189856587,2.120751386326443,-0.4735306665640656,0.1896177285472545,-1.5816179666191355,0.8139290482325321,-0.38546100597083427,1.0750715735348175,-0.38543932452412866,0
3.613983684052351,-1.0681449789769544,0.4171630850143151,-1.2876369989513134,-0.4859712007243849,0.312656302897936,0.6623043837903475,1.2685928759022187,0.8948368105214882,0.1800723370163051,1
1.723398064227925,-2.6150765941305205,0.7422817426621524,0.2586862408636573,1.0125263393293258,-0.279171698156726,0.7975345332225955,0.48447319498035685,-0.5080656014854512,0.902971188208209,1
3.613693020627319,0.41831602456907124,0.5924826530631978,-0.7179623878554725,1.356367406587133,-0.4391588644694092,1.1045456606320823,0.4985837816974889,-0.46970518824339963,0.7185831775220373,1
3.352014974406618,1.5159464349807552,0.09520446940994876,-0.9239501861240867,0.9243746814201845,0.7489889772550142,0.29376907726616924,-0.0019178563833540663,-0.2603692701056738,0.8109979243102571,1
2.6615849491855954,0.27605961172192073,0.11302737248142164,-0.213965684029288,0.33341843924756853,1.2964741113856757,-1.0586027184224067,-0.4157103753577608,-0.8474179641550924,0.017614486162893572,1
3.9504288207860903,1.2644281496379748,1.0255253247632434,-0.8756544605324889,1.1176149380765228,0.7413106311590838,-1.0331362147193741,-1.3811093625157251,-0.835023624956797,0.7278437444162442,1
5.699343302820024,3.2548466616324117,1.064281409336557,-4.135056033923796,1.0922155212630607,-1.6997190774260544,0.7451003142016678,0.46975645709806185,-0.8942784188748261,-0.6910826154105838,1
4.253056120885811,1.7518036446096823,0.06618480602404633,-2.1247253894194085,0.19804445069586457,0.2762944772425525,-1.1419939397144128,-0.5768893969234592,-0.8805976623531839,0.14190805498228193,1
-12.654536830755461,3.0988238748029477,-5.086272757148624,-1.9483844536121948,4.23655394370481,-0.10941955360459787,0.3775750016350878,-0.5864775026021327,-2.0560017074358385,-0.23512535829208556,3
-11.043736413806858,0.305157035582029,-3.4917614558668095,-1.9385938675920225,2.9514842838273174,-0.23222361936596933,0.06838296398575905,0.3225390522840028,-0.7090397700158113,-0.27087985518870095,3
-8.016582918381804,3.1025099090672033,-4.332573477102308,-2.550482883435296,3.9861962667993476,-0.7745403000545877,-1.4586010835257548,-0.6695769642781942,-1.1827241933440538,-0.3722532269899095,3
-6.866974583759687,1.1009709838964978,-3.10345582222296,-3.015436009968062,1.982744401127606,-0.08845116703744932,-0.7204807487349012,0.8051840906142639,-1.0113278781377744,0.1983625161267472,3
-6.12847632742008,-4.284479087785672,-0.3121423513312842,-2.9802181135344457,-0.2448715863562172,-0.2738525632251651,-0.7355249135752167,0.7648677234836574,1.214680341773672,0.7737484375980781,0
-3.3695314705341692,-0.5877229334342632,-1.6216774585333729,-2.928988840816547,0.06526722377021782,-0.6840013555590411,-2.00281294473933,0.017428373107530287,-0.7442805788100675,0.006379308315155985,0
-1.5173412890107432,-2.3284655391011997,-0.4933067580372456,-0.819365161320913,-1.5448003612890169,-0.8589610573916462,-1.3663074849205599,0.9849345582869359,1.0075698821425025,0.597987807996625,0
0.8169819125500601,-2.7069386121184857,-0.008848477972366875,0.5182712414033793,-2.157589272621252,0.005950288265025194,-1.4329214561161585,1.4041692437078355,-0.753259026647322,0.938503470381834,0
0.1268315220134823,-5.186771238107506,3.0097552912608103,-1.4488934549734829,-0.43853538378611756,-1.2516339520819693,-0.47015173027261326,-0.5569868727760549,-0.26822305883200204,1.3368374873117688,0
-1.1392513787764407,-2.810965867012643,2.618583483610192,-1.7975588044315116,0.5358299956210635,-0.07829201737243163,-0.3305410428882135,0.10824720361092954,0.9825416089585777,0.4887129109389917,0
0.8832786898939546,-1.1465313857193475,1.3492110892005171,-0.09907667020843992,2.0731599636022593,-2.3018075357627614,1.3470260525085067,-0.4879114549537821,0.27588111305451646,-0.447011098257858,1
-2.13498607241213,-1.9733606030441273,0.6938992331324236,-1.0342241446199505,-0.16880642735361057,-0.3373013168773984,0.6891409595272084,-0.21721136989159467,0.2048226424422912,-0.201904409706754,0
1.0028032577868529,-2.486272765904844,0.9972430937504471,-0.4882435825726263,-1.1299397209335151,-0.1000022323739781,0.09093725502253341,-1.4501841960122461,-1.5913543430084642,0.7097291754071583,0
-1.5391576054536036,-3.028238467422514,0.6232991461221409,0.37050965373082545,-2.32261389230078,-0.17591923748711408,0.06841576871103561,-1.4875836920725067,0.2273091921205539,0.4778260543361194,0
1.7995516227675363,-0.8182284338201741,0.5889084756248326,0.5925855455926166,-0.8975471231369616,-0.3312553215989147,-0.8391413878475897,-0.04571319601245752,-0.1041459273410732,0.11691493135960965,1
4.337941548521613,1.9074672583518935,-0.20387279340945857,0.3429334408423351,-1.5632448580477238,-0.584192884926078,0.40997016964957655,0.1222401815211222,-0.2565137190282051,0.06040960361483552,1
5.214834909708605,0.7141482182398329,-0.6513631427977203,0.9972900817693539,-0.7737119468327162,-0.8164787883248482,-0.3830246016954946,-1.8755574123090288,-0.0730406678131674,0.06777862437255056,1
2.57985651619133,0.032717627116762626,-2.4710576027382456,1.8246766329205713,-3.5357580385897243,1.012667461085688,-0.41424999573919835,-1.0580667513827045,-0.2814698109382252,1.4736341485892308,1
1.645346373776892,0.6403129720816434,-1.9863568565076446,0.28906613118022295,-2.971624521638022,-0.18980852142687965,0.8981097184634896,0.4119262096583113,0.3478977554346288,2.4758840763787426,1
-2.68764129003592,2.9072388505795477,-3.5996176565888174,-0.22281550326034577,-1.775347664836395,0.665111376873289,1.1902078269260343,-0.2576141771965385,1.3941578019166916,1.3771211003844404,0
-5.47164323774745,0.7621551573936712,-2.744657686833922,-1.480985473526398,-0.7204257356406467,-3.8007598481189584,-0.11162950929714155,-0.37156224375306657,1.541129577279199,-0.30469848583332504,3
-1.10200502233231,-1.616190228174569,-0.9349617063169249,-1.688462873825351,-2.5419817100390447,-0.5791068634389195,-0.4593262063758896,-0.2993669151872928,-0.34091522542128316,-1.3761928964897663,0
-0.45550499123617466,-2.2944640416928683,-0.03888730445954908,-2.2172841568588515,-1.4605918486589926,-1.2183154647265766,-0.06435271252881253,0.06495338992786154,0.42713872885454773,0.18493351515573753,0
-1.0177006225086014,-2.1465610264741644,0.7485786856534492,-1.4899477432264419,-1.5102710346822168,-0.8372649236565747,0.5441213387942354,-0.3526113903199388,-0.6208091130400979,-0.5395049456165734,0
-0.6386741371287703,-0.3137187970211904,-0.16634432287074707,-1.6030189970944955,0.8056930555944809,-1.0981661183838238,-0.6600200053022218,-1.243625017691269,0.2103724053497435,0.0955742483121198,0
1.8261184597645506,0.2542848785899079,0.26335842515083674,0.028820034475029482,1.0183295170521787,-0.3747747435043275,1.4860805043019656,-0.3230760126319209,0.25079559802578877,1.3474689205855706,1
2.9108379461658966,-0.5236902923886795,1.11312477554392,0.014976444201336647,1.5541671261080114,-0.762774447756737,-0.5547115846287042,-1.487516304766327,0.5193736732415206,0.20391753149945402,1
4.869901302720455,-0.3904379684399595,1.799152929401505,-0.7363661771259118,1.3701196200524541,1.7332124040377623,0.6641543989873182,-2.041525276909659,-1.3445593360043508,1.2467981748078891,1
5.6690051712617535,0.32450215591978543,1.4851619498228397,-0.4944174184252851,1.8542674838599997,1.652210866655695,-0.2740583443240895,-0.1912953582913129,-1.2904524151718726,0.6225607618549789,1
5.543464141463756,1.9453975867718247,-0.1956218501724919,-0.6318871760419695,-0.4619305647300249,2.249234301162632,0.7072460480848672,0.28208023955284167,-0.9740022501297354,-0.14486018569105102,1
5.33167514888892,1.7387943538902615,0.6160182823998229,-1.87565632598262,1.2546578753041355,1.1572432951274603,-0.03601573223786514,0.33702713986028787,-0.0865576885376706,1.6600878698896702,1
-10.644845052988789,1.9371879941855958,-4.494985880632047,-0.07623967411154003,3.6648727006820225,-1.0719565900389612,0.8447526204193675,0.5542999625139445,-1.700147062502866,0.8794148062722134,3
-6.9910470075414874,2.622439454879026,-3.9056917721469095,-0.1769968967193739,3.533323608291057,-0.27879938530249393,0.4834495780802429,0.4142213002645805,-1.160912486672359,-0.9481536513561318,3
-10.876923401398543,-0.6320107177089653,-3.461738103173972,-2.237108307968165,1.0701760740007775,-0.6786439257701116,0.8037458252374184,-0.26675296475534654,0.17772324736284562,1.4961831161665957,3
-6.967961671215083,0.5241418932561948,-3.2828741334942455,-2.8351236590500024,1.657879010006,-0.9177761529571659,-0.24838820213673812,0.8621676637147809,1.0168341613020497,1.3447083926173087,3
-6.8460572880474615,-0.06471366069851259,-2.2451306801338555,-4.547548896425485,0.9280713572563561,-1.0523953881878143,-1.8812294483510328,0.31868452521109525,0.6094445346869036,1.405153239060198,3
-3.1988357201514606,0.2620976728855653,-1.7234953494824898,-3.590955693121435,0.15140201485776633,0.02136467038908124,-2.2771777182576485,0.6172993999439339,-0.9039265802105547,0.8336664168448634,0
-1.720933799768373,-0.9148995746606206,-0.3410790597558889,-0.965241976588542,-0.25599735466078144,-0.8566749284977258,-1.4986653031115718,-0.24022616570437788,-0.3236583913756433,0.31205830791780503,0
2.854555894201578,-2.194279659778932,1.109266537925641,0.7595119361883246,-0.05411148536880306,-1.7489599381438066,0.6223063397701653,0.38605246738996796,0.98782707847311,0.9202997715917904,1
2.866229745528392,-0.6837744913450768,1.0180155942131603,-0.34910562584432125,-0.8867704103177212,0.22135076378084137,-1.0197154226996301,1.0844102898032792,1.2893792601563951,0.7225418167438277,1
2.871756118217531,1.5419772952961825,0.2977846151326178,-0.43665826857653045,1.1917737317075359,0.29490147014798995,0.12545059564891492,-0.3262720513045766,0.6654565833495345,0.010756958808655862,1
-0.3322031574244123,-2.8437904631426414,1.194677747642493,0.9398881083297529,1.1123587976381324,-1.3856146520620483,-1.7556247911906686,-0.6193780357281624,0.6324580899780516,-0.06549890853236569,0
1.3841032953731074,-1.357115915022062,0.1674748125616083,0.21100653489057342,0.23727259458037486,0.1035589689133069,-0.6857592738489071,-1.2646932817203722,-0.38155393509010443,0.7119596001896749,1
2.2498535082676567,-0.3413386818794226,0.6484919931423625,-0.566708784133337,-0.21956611286857095,0.9004285127272644,0.6240536794511062,-0.5601878385645275,-1.6784349867079635,0.2072906795542815,1
1.336711644799319,-0.7687468853337351,0.14929915696007884,1.1130313375075314,-0.02474099192979698,2.122019422035026,-1.2977046800439642,-0.26197599491559515,-0.9516747175481056,0.7527519347898991,1
0.9239248506637203,-0.3745007947443775,0.909804496031458,1.2284114853796628,0.6686957912169144,-0.6444286434104602,-0.12859834256449515,-0.04207364248970956,0.6016323305249154,-0.7760201070079747,1
2.798910916341895,0.7454198113440882,1.0132915199197088,0.3952880587580065,-0.4841745809281169,-0.14700015542611145,0.9959480943803702,-0.07665137436539673,-0.273842481374016,-0.4812562860486082,1
7.347269471767634,3.2534764397939773,-0.6612990341394981,0.1514489995556414,-0.22644642787348476,-1.6595323621180762,1.411613302425361,-0.8089251845064587,-0.8473257731363523,0.7446721799699891,1
8.021039554090711,4.913627299667594,-2.3258838489967184,1.3827435939285602,-0.3365933125567883,-1.3695339975453764,0.9164294416435154,-0.9300267945342315,-0.020448914526024695,-1.0161481012201103,1
3.0031035312189855,0.9244668244425761,-1.0093126067613214,1.5010709610772288,-0.005041721790341791,-0.8582277981103852,-1.1379931977273805,-0.5785812771136548,0.526688711519207,0.1635582951766872,1
-1.1859039189329081,1.8594298086441476,-4.190819130391139,1.2767381134337192,-4.531001241875444,-0.8568374580703544,0.5224137683888002,0.38738992045116505,2.226153019164702,-0.012211199911668857,0
-1.7184324935592579,0.2929734687836232,-2.6751894206973206,0.6764948667021888,-2.1431007051588935,-0.47475103742684727,0.9254795992960889,0.38785141672442536,0.5008395180242176,0.14232275344966522,0
-2.088068077105289,3.361377425156601,-3.576532481797776,-0.7101553413573881,-1.8077433619935634,-0.2100729588304201,0.40683116744308845,-1.1066502787436456,0.025719776996065702,-0.8856640862998525,0
-1.0879915696081748,2.5921813544609487,-4.124291316236224,0.8048345700707713,-3.936006724476612,-1.6649503128268939,-0.023656438153489917,-1.7836505327977623,-0.8085296886473088,-0.6680104062775469,0
-0.47235760709969177,0.5278116949476056,-1.2281449001896112,-1.2595897877278754,-0.9802532064171369,-0.9487060382653411,-0.7182197766880137,-1.0626915431225146,1.284281720812113,0.06353278029807917,0
-2.8223042313983413,-1.0008947142088747,-0.015379957786084253,-1.0077959479072405,-0.07473470822666663,-0.9795685915681898,-0.8901868951174159,-0.9063030345274115,-0.18268389247909467,0.5238374479573864,0
-2.7152678375986867,-0.008136860320743733,0.5408837232747543,-0.40139175547467754,0.6460657691227504,-0.007322997353567229,-0.0890042355233131,-1.264364785100784,1.7038654246817722,0.8016241023963588,0
2.2753938930554307,0.19002775112072037,1.504734223623609,-0.2582233464639315,1.7238718533789248,-0.0995740314995488,2.1068765846794153,-0.728381897445118,-1.2976033543108134,1.8962792439469793,1
3.217149990640162,-2.1820486036561237,1.8349890686675066,-0.7544857768993061,0.6411500157600823,1.8916472622859117,-0.24851422054756545,-0.6979653750882469,-0.3316961038986833,1.8233587289854145,1
4.680974122162338,0.6332749588028929,0.5686013522213775,0.3862026288363112,0.7220865940944914,2.1814576577668485,-0.038355745728932855,-0.6733176123434005,-0.07274415267701444,-0.6992333786872821,1
3.9698310763352813,0.35506257079914827,0.6188304591762527,-0.4706922833056374,-0.2600123670536404,2.5635799963469155,-0.43794737446180887,-0.2941728005433588,0.20842719432286722,-0.6926951399255236,1
2.666716388580937,-0.15172776683793732,0.8654254024046285,0.052321103083659115,1.0983877870368417,2.124627613666827,-0.28468565506478355,-1.226527739455711,0.17928226518825083,0.1855304441924367,1
-9.751680696011974,5.968292789922997,-5.479959855489232,0.18652120297233438,4.8012542025941745,0.04057115665485744,0.5858004712604568,1.1111429977226583,-1.61443785867977,0.12133867880609084,3
-11.22820109522904,0.06117338962558683,-3.7894247014877016,0.15311828453962206,3.133516513484347,-1.205014581411209,0.39674371362596517,1.648394458246622,-0.5980450665330364,-0.5303658786671573,3
-7.845483470072825,-1.6138365368185539,-2.0300179050104874,-0.10776570121178958,1.8133408611566488,-0.4744358464422272,0.6910683760502105,0.817641032394916,0.28226551177026293,1.0580228555473294,3
-5.938144086952489,-0.7116766213306116,-1.8185647222671661,-1.3345035064420463,1.0811140420837595,-0.16707383160186257,0.18794552308036735,0.676565497173739,0.31619875319000024,1.7683966200777013,3
-6.03245272871845,2.7054669445106434,-3.5298548450228444,-2.571810228047344,0.38736211393160375,0.08764293436254417,0.29535677960184825,2.4752599726747606,-0.0910364622670368,2.1615587155972626,3
-5.185732042598058,1.9611493630996586,-2.3204481110176483,-1.6269876233326999,1.8576198717165564,-1.0525532099178212,-0.2172600486145453,-0.008964049120438022,-0.372652195132139,0.6591808401855691,3
-3.1481793268517766,-1.727063109311034,0.15727543616949125,0.19511419127065888,1.3504057485314527,0.43382860774157916,-0.6924212342181528,0.35900833921930286,-0.3223335875998766,-0.6617590376142812,0
-2.2267630328484453,-2.7152463370150866,0.8945777828148016,2.018794734231835,0.7206678016428864,0.12181129385143316,0.7860870899684369,0.2272473700918426,0.31617943207998445,0.29864375532199927,0
1.5680683977667964,-1.7888688910157509,1.0777997054307153,1.2692413235036382,0.05159049646626529,0.49520380702955674,-0.17128613780206775,0.3750218263848432,0.3807415242940093,-0.12105410671755669,1
3.454220344024205,1.6764367977043313,0.6965805043705613,1.4424458045525972,0.8985614294932814,2.1320907713635524,-1.1415074298224146,-0.3317702037102147,0.5564827437720292,-1.1469812564209927,1
2.2853411391968974,-0.32500012086082164,0.510462502898883,0.9828669021913921,1.7549826621089517,0.9466992024224906,-1.1126363098531338,-1.9312686311852176,1.057191405098417,0.5170636887733571,1
0.18725364852639315,-0.6589973038530459,0.2790675255661109,1.298889150679062,0.6930777049246748,1.015642501667092,-0.039398742042514256,-0.274583308103304,-0.1851807247600021,0.40744354964926977,0
2.8621562958587887,1.498074689260513,-0.8339704246716919,0.5807434959443993,-0.09667849333125642,1.8347455781270137,-0.7595759547059666,0.08362037269182254,-0.8583683636729158,0.2603181471464125,1
0.3965449816106099,0.9142638384106064,-0.530829280552035,0.5903027037877223,0.556306589425345,1.6662061492714684,-0.04223965598226981,-0.12377643605932745,-0.2406256281410919,0.030109167035074165,1
-0.12037309595280488,-0.09462144413562878,1.0134907948909975,-0.19663347655899222,0.4109807824070293,0.2923439466202992,-0.9797944265979848,0.6129034016508305,-0.230703899200013,-0.165609562664108,0
5.817996330212075,3.538007502127079,0.3084781425541277,-0.2770953502388781,1.2949112335485529,-0.6601930323502596,0.7806178553424598,0.5128923986542488,-0.946536780729005,-0.18886979521281072,1
5.836091494105888,2.186173240005168,0.34173652355412576,-0.0755276107387407,2.037164072082475,-1.4562660335162092,1.6559994601865782,-0.5575188402273415,-0.39844096128701634,0.05861539886470413,1
4.142278410733024,0.27126992733488486,0.21137122575887798,1.8914420742013824,2.5215740091572143,-0.7342049151002974,0.03308381395770332,-0.2072673198612317,1.0785410434232263,-0.06673599976098737,1
1.6319495241043223,-1.677708117522063,-1.1164295279765906,3.350656002808354,-0.8469044654484749,-1.728816093173132,0.06491891767772562,-0.12591164031538685,1.042054030152028,-1.0711010275656427,0
3.054783719003984,2.9749029523762225,-4.552204161889411,2.0880930093095387,-3.584659730171078,-0.5285704029157251,-1.0425695588363115,-0.020305774336357052,0.03243673069079117,0.6945321626341423,1
-0.3508816229419824,3.4609123539185314,-4.263585056117294,1.5188657466431343,-2.177963853562719,-0.8171240612729351,0.6341920828663106,-1.6649457867737631,-0.10466035198338952,-0.061156362792423674,0
-2.0943742666317395,2.8809718705627607,-4.162113375528202,2.022021752042649,-3.178361903373201,-0.5091955283996003,1.4058705130857427,-1.6778913930782564,-0.8648101738088243,0.5694939962578427,0
1.3941177794157547,4.876656595393943,-4.60116086662299,1.6551341751480857,-3.118190386818768,0.24546157066187918,-1.0716713700542226,-1.229119989515974,-1.5908841487540393,0.6509641022609475,1
-2.4951341339922637,-1.0139206997478132,-1.6302018691612064,1.404969442220263,-1.8206287906161365,-0.04861800909125591,-0.12022020994187221,-0.7068983415256499,0.22298641248783507,0.1723564887162608,0
-2.470723961668276,-2.71001632971341,0.39955203263033845,0.8986791077857026,0.05841034241305307,-0.9179655390124721,-1.2000374223604673,-1.4204278314678607,0.8691438923632282,1.4880170258500605,0
-0.8863270846308886,-1.0514780596238515,0.7411747500199255,-0.23845722218179283,0.664060477390808,-0.08180042712030822,-0.5309965036807935,-1.097313859683679,-0.29791282503525385,2.3312763410069914,0
2.706836085806982,1.3677400600139529,-0.17292395223960833,1.1264843144437404,0.5402839825717398,-0.4885796322816952,-0.9199188645182415,-0.37943879068028197,-0.7250666966554172,1.3550653466920677,1
3.496770301012605,1.235926050813391,-0.3414677241670583,0.09223178411501612,0.31549101381280603,2.017491283872783,0.6545095642937472,0.7428021019884502,-0.008489306478093983,-0.36109016168827623,1
3.217206483390835,0.8491451782090775,0.5071787855743521,-0.4347950522589763,1.1494238344566674,1.6557676106289247,0.042471416496875386,-0.11968070797099195,1.3309199483539078,-0.4086497512084752,1
1.7122872130565399,1.2473810887626628,0.1781021088179042,-0.6021485185555098,0.544374448300945,1.9248371886752484,-0.002562646345142222,-1.3914023169786793,1.1549412099121295,-0.8492096688921167,1
3.517676602068454,1.4006309832739925,0.23843007068925126,0.24086673022303567,0.9962222537956604,1.808779268144363,-0.011944941562749278,-1.538883530711711,0.9279239157711261,-0.44499968749019353,1
