PC1,PC2,PC3,PC4,PC5,PC6,PC7,PC8,PC9,PC10,cluster
-6.997193210602006,5.857749776556462,9.99114535022577,1.6208091016656656,8.435821756667389,-3.1908524584117717,1.3380076235889884,-2.7777370733480566,-0.24981286567441366,-0.9661559841752765,0
-4.202051184142032,0.2634460000176255,7.997069499635262,5.409498094550695,7.197311679772603,-1.3488808350630899,2.0320812788066367,0.12870512792241848,-0.02773513234278329,-0.03271767142027231,0
-6.237731801966046,-0.03620459042871259,7.5275889842835575,6.343616334699384,4.396066189377837,-4.749322716232916,2.865437063302387,-1.2187235742681477,-0.11885033544108085,1.5839932214050223,0
-0.9158775783260491,-1.8522939507584353,7.759572025254987,6.620930557682342,3.2108432615774776,-2.339321811346889,3.1820384080197344,0.7763062915316508,-1.039129710845094,-0.4538275092121547,0
-4.450870621152417,-3.360519724087571,8.378885737407753,8.475919868153786,-2.969570184051844,-3.263104532369361,-0.36131975388005433,0.3997463098167707,0.8227384585783486,1.7436430980726783,0
0.35848807045571357,-4.36889011172285,10.966295867094141,7.639647846855876,-3.1692634728967946,-2.4062369293233683,-0.5263819244367487,0.9073930351740813,-1.429269879190081,-2.354002657851318,0
1.8815535106083825,-6.356338154117829,7.578138785546517,9.280538271008531,-1.4464172856803064,-1.9262792473308687,-2.6172010573297393,-2.5773749652579365,-0.8077500894525704,0.6714250770945638,0
3.3965826277730704,-5.035874123462328,7.423714179895625,8.260256141922387,-0.7538072991535608,-0.8511735565745028,-3.7879177843791405,-3.0951911734499666,-3.038930168992489,-1.4116019967722038,0
-0.24119927836124117,-5.05807246234194,2.8239314927168375,9.242607825802983,1.9352441036420196,1.956568623898997,-4.912548861131539,-4.608123972551889,-2.638342283039169,-0.5500374376944386,0
-1.476935149819671,-5.321273730794568,2.135286473830582,6.141389546005354,1.2593271072206889,1.8570310147740936,-5.199877320803328,-1.6200808885937101,-2.8327982048686406,-1.7013707260171882,0
-3.833234517655641,-4.001501845020157,0.7298384182300965,5.513906908711195,2.8345002370818966,2.4873636299473336,-3.623462879243892,-1.8730020621250756,-2.337152309981026,-1.4588935846473117,0
-1.8223298076237215,-2.7447597409549847,-0.36302595452700404,2.801373250345696,1.2803417594451691,0.2994486002493629,-2.037425748057941,-0.6904044115216098,0.5229434039782438,-2.802423843712981,0
0.7149562528200377,-3.921851312968585,-0.40927594631845904,5.014862823656993,4.062860418243792,2.063309191041793,0.430853811021168,-0.6748374792846801,2.075981641759591,-1.0144215014388063,0
4.890424196569766,-4.380656705109888,-0.28460316821441717,7.1106254520193914,5.013455840934491,0.9482256761746125,0.8203346121868813,-1.7947125192673885,2.9977120972022195,-1.102289350448684,2
1.5602801768063124,-0.31635099183303106,0.6780623366020748,2.431127631940714,4.855092808664485,0.7259113459789649,0.19887965496002222,-2.4706348900643604,3.5913053456392405,-1.7036004859439113,2
4.5897273512632495,-0.12309738173058414,0.181722647604868,1.7789648849318005,4.711772858053849,-2.0497588588527114,0.3996270098556939,-3.205980811888483,3.9805324382266964,-2.4423441171285645,2
1.9564986636328052,2.175126819489357,-0.1890825427060252,1.3017777793016296,2.4600413342722907,0.305883915793948,0.26745619635365825,-1.3889497577977779,4.160223354545602,-2.823490323473847,2
1.6328981646618075,-1.5877331562474315,1.2865173857817875,3.562666130718678,3.9030451729510607,0.28007653077306766,1.3206982807824208,1.546719322395023,5.191687875193954,-1.705038556109176,2
2.3017636441839073,-0.8400432996145887,1.020898661330358,3.6077004579450387,3.3511363288646097,3.139528712716092,0.6070317885487114,2.0248780165126767,3.4137737960171264,1.4420835053923609,2
-0.02500233112232786,-2.547989367671018,-0.5052158321664967,2.8186574965211513,2.7350052400818607,2.6897675209821634,0.25707682762298484,3.131570357754201,2.4610097637760266,2.0434665439692217,0
2.4490221492245547,-1.5013352515543246,-1.1888766043718642,0.9829518195031685,2.716587954684853,2.719485262519166,1.0029900367471316,1.536552493654226,-2.383790153726071,4.769342329530095,2
5.045969854705814,2.1195040058286536,0.15496506214626324,-0.9499114295569926,0.9784956208708726,3.4102325398599556,3.1334377322423985,2.8853268370275815,-1.9783055642793728,5.71037475268098,2
3.0022609427073954,-1.9870709570335578,-2.2451575843468037,2.568152178721659,2.3174044968114886,2.691095388435507,5.565674827380425,3.1937026901073304,-4.147968999184531,1.9860007403922844,2
6.726468062035627,0.6251264542526821,-0.22021422444640526,0.377911156765065,1.4482191696271314,0.667415313785646,4.9173430518901675,4.046010919700996,-1.9645288439649677,-0.7620062935322387,2
8.337735446467716,-1.431860575355823,-2.8851389892205974,1.0630630244509307,3.331227595021755,1.0266903296660295,6.568416041085671,4.914873007067261,-2.8846637928461187,-5.5837505544619495,2
8.819429358128158,3.360011743709693,-1.717642835257346,-1.685175072210576,3.877388486682151,0.4066519803355506,3.3599489746928857,4.9199339795252355,-1.4417046654445478,-5.707734130086284,2
9.623092249291743,7.284014339171021,0.03392914575060266,-2.1734101815733107,2.5909011006304348,3.1164050407108914,3.515368129331052,6.129845339056606,-1.3017597108350718,-6.430842802298259,2
0.3938314724338129,19.265084562375797,-2.664685917379425,2.0956089339561244,-1.944870764649175,-0.11397229607509725,-0.008106972286645897,2.9106235785446803,-1.3585830829189955,-4.609614498512006,3
-6.001761337858859,25.7808707934227,-4.783305702608936,8.422538159556504,-4.300681295335548,1.6748552148228062,-1.2621793798542857,1.7610873881984637,1.408279440435355,-1.8847535121444725,3
-10.003613008659707,29.024325048274676,-7.6848437050426455,11.410856628983923,-7.420540690020013,-0.7674738340125763,-1.0995189333682367,-0.43752166589471314,-0.24625217567628774,1.6323901888407386,3
-5.892264947637038,25.73557955091249,-5.4467878346185445,9.279145650459872,-2.86591955333329,0.8972179539698757,1.9179205162769322,-2.383731242054811,1.9075500340311216,3.0350989930303776,3
-4.770975576478734,23.398840701825957,-3.455522205496548,6.690973456569452,-5.320039365451134,-1.203291959330892,3.141601714546156,-1.7970293283507335,-0.37792499204326585,3.677577458201853,3
-8.531002302574747,2.4136064902756904,8.972152740132973,5.058674665322427,6.045973729796603,-1.7005386658643147,0.7912817259072004,2.430710068696608,-0.32438489010708527,0.9720922529885634,0
-5.863752057925666,-0.28069180706140834,7.406253643744367,6.100482074781369,6.059994033655074,0.03400883911334161,1.1480686321339943,2.6405708540263,-1.74864719151941,0.4677448203956802,0
-3.797213556210303,1.4756671588584083,8.935043207016234,4.253598801098614,4.127133264669788,-3.7466403036530447,2.6985014329601436,0.9933820460971793,-1.1274682704597296,0.9931980691595936,0
-0.14004451842843524,0.06930175957870435,9.005449639717993,3.2979519880510733,1.061202804299246,-2.5137753941077867,3.1937220950328635,2.264690164947911,-2.005651125901648,-0.56042216517728,0
-1.6466974564125947,-2.7824126799090836,9.949262671737385,5.101211532593053,-3.0940135849579757,-3.3180724707429547,2.1104662975922737,0.7481036135603797,-0.10921558021016793,1.1794259501578093,0
0.9898997278467048,-1.0657111658799785,12.043708070627362,3.426358035625833,-3.4692828274302716,-1.5555913483542427,2.2179707255785304,-1.6066194442641113,-1.9589341465780494,-0.898838163606848,0
2.4612417503265878,-3.004365907366085,9.393810141741984,5.5276346427597485,-2.5141596793149876,-1.2849420036299868,0.10333543752600298,-2.5876488481135795,-1.634687958154847,0.5994838311776022,0
1.6957567049378532,-4.309892836144804,6.16550999839708,6.56393918891893,-1.7017983827657097,0.3672129980875659,-1.3740574165149484,-3.119868680584317,-3.453202171154586,-0.7202942808903878,0
2.051233636011737,-3.61577705262313,2.6333922986942357,6.863671924138135,3.056434947189412,1.2028955791701565,-2.5262305601729786,-3.18487560614031,-3.3171573060703334,-0.48697413752606283,0
-1.9030801408030278,-3.5015373089160837,1.8262951330150552,5.020232338106195,1.2364097995097625,1.421545190415851,-4.48182191378833,-3.368437280098392,-2.2999176764953058,-1.1210421112104472,0
-1.3473139356691144,-3.5989927628936784,1.913133107296519,4.80984851145394,1.7738874145369228,1.9500277133357555,-1.8980033836777603,-2.2064636166898643,-1.1776247534697135,-1.3999163287212422,0
-1.3383977292990412,-2.611461528186608,1.2488619396332452,3.361344296083993,0.27273264400267405,0.4821486796039199,-1.5343732331671462,-1.2648340222281635,0.5699835373720092,-3.78893437497444,0
0.4121480442127127,-2.2182084004727836,0.10251540149301804,5.0516951549170335,2.763765169867677,2.6768493515584932,-0.05248819626043889,-1.2342972691219247,1.52804970258087,-3.1468470760894203,0
5.729257303622164,-1.129322453969188,1.0055000885086587,3.387974525445345,4.079963969358076,1.1249479837480443,1.5384546496823148,-2.1915013487520816,2.7066775205345164,-2.6847268921334697,2
4.277320394093907,0.6153802542753212,1.6196033303838815,2.406787974819349,4.972694983863218,1.4710209433280108,2.00306619999153,-1.547438141653532,3.795366745320092,-1.658894687022097,2
4.935483640947368,-0.43953157910013907,0.694381565794312,2.077515243119181,4.915952290753064,-1.5969890308074708,1.624507229975895,-1.479803964436754,3.859806730333678,-1.5170712056896767,2
1.9258355347002518,2.182013637928567,0.49757760164769915,1.0644599178073466,4.108715773635474,0.4706314657470769,1.3661480435927553,-0.07872975408543559,3.9287557413621084,-1.918321539904306,2
1.0257291092672463,0.3329570566771376,-0.21148540435268362,2.4578852947368124,4.432357537946795,-1.1742808526912163,1.341743444662463,0.5922155562089422,4.464173687029798,-2.3387417850806176,2
1.5248959532725246,1.6020089777779964,1.8056839924318056,1.593970479822391,3.9474886521130172,2.0450505549131717,0.7420657940886826,0.5684920566538989,1.8201444353253262,1.0428284961397938,2
1.4648797270490814,-0.035631411406654497,-0.2639724727776578,1.7725666360391217,3.9435058551045197,2.0679289889018655,0.4100286041275624,2.2240203785943287,1.8676978962614763,2.3313119761082914,2
4.155960893236859,2.2351477402602424,0.558404404340279,-0.6771296761377644,4.110189885750905,2.156772434063091,1.0883077676848703,0.587873981529185,-2.357276194940238,3.498546342888287,2
3.5426362155551954,0.8007852509079244,-1.2939013648390107,-0.21596715723630328,2.891434899981345,2.1795552984640425,1.6122660714534576,2.701474124782892,-1.9057313926950314,2.9420146116589474,2
5.892091718233974,-1.1809943679165262,0.26178553233326707,1.250859093398693,2.8170663032258654,1.595630152145651,5.137385981013905,1.8674404417698327,-2.9193167588654916,1.1033191231004644,2
5.20981987624894,-0.6234645874426351,-0.7110628216886137,0.5623046036766852,1.5864981187847578,-0.11690928446212094,3.7230707601746738,3.0913187479304507,-1.0202252823358564,-0.8376332683614885,2
6.588127031063881,-1.9066610289979156,-1.2730347993559998,1.3504959973248485,1.877393083417831,-0.17783338644912447,4.160272805733768,4.031557688202817,-1.6610094485959017,-4.809578493397036,2
5.665776085518152,-0.0642680129392143,-2.7956398297474485,0.3200447576674453,2.1644746247561257,-0.3025286854904863,2.1111124920216455,4.439318292953636,-1.815691589570029,-4.463125398546644,2
6.906848210253011,2.380031487287192,-1.2362622457046346,-0.3961368004772492,1.5148193682764175,2.372462348212301,1.8633090295805088,3.9032372701284226,-0.9017874319239396,-6.168425795765613,2
1.6245116822356458,8.94248359023035,-4.387347039369142,4.10054077682728,-0.257326145554513,1.3623264071537418,-1.2929235187027048,2.0288814854118935,-1.7980318532020703,-2.9593746190962986,2
-3.3521849273332993,21.18685279757991,-4.020217726783133,6.47033059083613,-3.1746395395394575,0.5988742997389643,-1.9227177019727606,-0.0993133361601976,-0.3794137109957889,-2.2777324921634334,3
-6.470675221920576,26.20443881451708,-5.866887805090994,9.129377072563186,-5.036795551989679,-1.1693044346740153,-1.6109436536124926,-1.0980723050112666,-1.9045546257208918,1.0438699408651038,3
-4.650422254765036,19.088760545536868,-5.325427006213154,8.08320350751953,-2.911436197766548,-0.5207328438349185,-0.2891283409526251,-1.4071594887587893,-0.8496982613599523,2.189807930412489,3
-0.47855325213183486,14.97319400342884,-4.682964591991798,4.960855467975119,-1.1558490292135906,0.7003478573138381,2.418483779474831,-0.6147656854086674,-2.0683859060371463,3.179701237611863,3
-8.720097123850783,1.3078657709114958,5.167414843086486,3.403900655875409,5.924105603818368,-2.006250171968276,0.1686719987843355,-0.48413811423930775,0.1359176646056399,-0.34137242447381605,0
-6.308693980888507,-1.215551816960228,3.3937407066152714,4.577509303662489,5.70692273590315,-2.043363636050705,0.6073337743545874,-0.020481735861822507,-1.3981099092924028,1.4897513640631102,0
-4.74443954313056,-1.3518851646845407,3.825138801095415,4.031099606732139,2.6128442481801666,-5.4859957793842815,4.0600943633972255,0.1739254441837254,0.5683679507723295,1.9702116162468173,0
-2.2324032086702164,-0.08859065950199345,5.1098017670318985,1.598381218634229,0.26483057571879004,-3.574876114334549,5.327433537839696,0.4350887046587601,0.2078520597280852,1.213356441861364,0
-3.1243954451224667,-0.9199319381626281,6.296041832029639,1.3791218268772565,-4.195923603197702,-3.7066116411233696,1.9515204092751084,0.49649012535289366,1.856865954631236,0.6807592241596614,0
1.012928450331008,2.8550905812984433,9.919334858390144,-1.9040195856868136,-3.129622881805211,-0.41060567809117904,3.140374077739301,-1.1206478341324186,-0.16010580949395067,-0.8369224845372296,0
-0.5333101530352015,-1.9561749289792796,7.315131347823107,3.3967311824839195,-2.4633532400815836,0.07892088353832158,-0.4143831086266246,-1.9314829739054604,-0.9572924917180564,-0.5498249801564302,0
1.515068830112966,0.4112825774721118,6.398695970036292,1.6113005463682155,-1.1419494009430153,3.3040103263323135,0.0344854256688245,-4.334482888958222,-3.313701731191451,-1.0892703743419185,0
2.5645214316211487,-2.1077735634081467,2.7230333341334867,3.7791229220099276,0.06079233677354169,3.295656072932359,-2.3063515359682953,-2.5000527630938474,-3.340490309676592,-1.6781139050152816,0
-1.9429829366191427,-3.4271718554717796,2.180420039637031,3.8944451191039984,-1.1570921200141318,2.8537576089789587,-4.679882782571196,-2.6028574416305155,-3.2291714249406875,-1.3198650872940794,0
-0.3087570144167862,-2.3071757317870185,1.0268530208749431,2.0190666592717124,1.0287210705907008,1.135749619660803,-2.723559798381603,-2.046016111147803,-1.535375774125924,-2.207542865935336,0
-1.2410027651395623,-0.43940652222114135,0.3308825188899299,-1.0427574693687938,-0.04013990835034035,1.2589454154733006,-2.6805865252345376,-3.594652548860572,0.27262681554050666,-2.5830663375927916,0
0.7964079567428582,-0.20430690071104696,-1.6400551559182632,-0.08642574006635269,1.555409215573355,2.7298717241759576,-0.024575722656994703,-2.8425423175932547,1.7493046819586444,-2.888527688414527,2
7.173321971813597,1.1231079610878674,-0.07250732638196171,-0.7138538908387337,5.4127263865882185,2.43155884738469,1.365268234965611,-3.149281795751101,2.5687122305195684,-1.9261150468705852,2
7.014568888628927,0.8472625023399448,0.8969934283858119,1.2046250561550536,5.244324201201329,2.4704085621296215,0.4216935667367896,-1.9001217208826935,4.011529409624327,-2.3154884496829813,2
7.730352665864944,1.5710241564828213,0.13191050045165192,-0.11138690430736811,4.712139988779262,-1.6287206919791775,1.2276096864432788,-2.8047906592985954,4.749918530387563,-3.2067183349644104,2
4.601495708101776,1.0459483792918949,0.5131366875538177,0.3042190141709622,2.9366969954072,0.153631839438305,0.9050181965760213,-1.7060878216325388,5.312135851853792,-2.8701964513571108,2
2.91048390441525,0.5532514963211717,0.20534769412416587,1.4068057830049474,2.0220869887448387,-0.5028427949409884,2.060114295250769,-0.891647834176714,4.944464372595638,-1.5048603061135237,2
1.3429769173718666,0.9300478320002697,1.5353259460151418,0.2626848817175504,1.6797427764558512,1.5806847525355898,1.1083601795252764,-0.3585264109996907,3.2912750434089437,0.22173344963218616,2
0.8776669805797375,-0.9481831904834345,-0.6738183315438616,0.45466199788995826,1.4677658421617186,-0.7518130325648754,-0.7381859653161045,0.43813539127263285,2.7465298182237814,1.088598578842406,2
4.572550894168655,2.2561116543610167,-0.011931599886523184,-2.5326541553515916,2.06778351986289,1.373016009181872,0.9915789309929064,-0.9827688205233218,-0.8374447919355816,2.849708144127536,2
4.798083099412739,1.49633867502809,-1.9515434902113242,-2.3163079571435445,2.1299914253857635,0.9975023134988469,1.0685147304753029,-0.2554425577816601,-0.8927512142778095,3.050706945421439,2
6.8964796188273745,1.6253400365378277,-0.2831369749693217,-1.9034116936753132,1.9841999881863577,1.0175146629677208,2.8164971976293773,-0.5790629738282475,-2.9552290274148283,1.4531588703027436,2
5.353848227321845,-0.43900797720754814,-2.957389120082541,-1.0542393453796919,1.539124105882495,0.13719933279793517,1.669356773950349,1.9144192188554807,-3.722957448493813,-2.3759376648420445,2
8.781261186267118,-0.5002483400476831,-2.2350239595787587,-1.2041427851673578,1.7030575956293816,0.18165288070015337,1.896352674351389,1.8971660100796337,-2.0025052336627565,-5.004646334401649,2
8.698520758681097,-0.07550529817448133,-3.365860979994028,-2.206373428479937,1.2044811017203778,0.12865357802845026,1.0298014441945547,2.8721741259922484,-2.23690100601602,-5.022242216715945,2
9.543537776132885,3.2045452083755337,-0.951879385403014,-3.4860215863598225,0.7350852570958686,0.453547509964416,1.7170811302762408,1.933446574165366,-2.186074362036509,-6.834902026068389,2
4.604129333519616,2.868168466849885,-2.058906818484926,0.0642783744720662,-2.457979607447198,-0.3407512189078776,-0.6929447841192773,1.2175751760785865,-3.3028900148628266,-3.832570397860485,2
3.205654446827928,5.52772607871698,-2.229241503230376,1.534889074300309,-2.5516769499112897,-1.1799287240901066,-0.550797915935182,-0.4495569383888954,-3.0525676618239865,-3.5099355355453823,2
1.2200628451502467,4.408207910010534,-4.930480917047446,5.466693316196463,-2.3808704550489757,-1.264014651595186,-1.2551374526279677,-0.6672695429280009,-2.5211916384505457,-0.5209993244262038,2
1.212676436865176,3.3713874876607166,-4.434800789171432,4.916414548377454,-1.896315600046151,-2.659073843375979,-0.26626980263675676,-1.3939417124313958,-1.6534156326298324,-0.5955461342414498,2
2.7706319387576044,2.27933412667601,-3.4478382463034594,4.472226535042546,-1.8449181936856016,-3.436750841485001,0.11311067430460299,-1.2359501391742722,-1.5750360114807693,-0.8769929198965499,2
-11.320622168735845,-3.226887733311673,3.4046095006000083,6.213883569880395,2.2436115959880314,-0.7264479411879582,-0.44341139569295884,4.772746941924049,1.2003672649325432,1.1610165717271421,0
-8.751990853604372,-2.6545788227101146,2.1961058810409884,4.922714777976515,3.449180855022673,-1.9098942983778873,0.02262206422195415,3.056779021454668,-0.7027298800862726,1.5966188441069682,0
-6.752460506224014,-2.1769500777936943,1.627103814187218,2.7448082783642818,0.8738797487868484,-3.796032854498071,3.0953846801341416,1.8410986385932262,0.20483159241128554,2.140883701770038,0
-2.905386015240033,-0.67219121065777,3.625862054698905,-0.1647244178541797,-0.7351827122099294,-2.929717784396825,4.701367506386803,0.6019690457323945,0.5419511094664771,1.8723495978279232,0
-2.9583931114245754,0.01503460729235603,5.63365250336847,-1.1688016027868888,-3.7783533547198456,-4.2888806278802,3.4462094162944337,-1.1913766967779005,1.17859850811461,1.4062658135074186,0
0.6310893487176727,2.4165661034694996,8.897066762328292,-2.463457233080535,-2.9029447094251406,-0.07933405762788846,6.283411156351613,-2.1436053979624936,0.45916673596366625,0.3642045626696643,0
-0.5078902164480297,0.6793397147834899,6.969741291296389,-1.0197224405276453,-3.818250409060287,0.1856469191865093,2.1534867202563057,-2.072027964211535,-1.4112522494139113,-0.8341057132033763,0
1.6614996194855742,2.528283256562605,5.818426105404576,-2.314832624650551,-2.4556527103414667,1.6746300371409493,2.7810684379209474,-2.1385947839391344,-3.899552633716283,-0.49001247690467653,2
0.1591019346819965,-2.3664972739174055,2.504263069915654,2.5368693985522794,-2.7682224672802813,1.2971196451754836,-0.5976489655518317,-0.3012763659101261,-3.1676847529471717,-2.2615478101120923,0
1.032975903004251,-1.595389397285665,3.087788543751885,1.2501076700741867,-1.858626342932461,2.5908373321269726,-1.90790290241086,-2.1644884781958234,-2.8102274052432046,-1.01921693532856,0
-0.00621779127430041,-3.3827542090849714,1.0892822352379807,2.0231401920896417,-3.180533241666693,1.6637568051710852,-1.848554571095627,-1.6779811915152871,-0.7370241936589732,-2.3753985604787715,0
-0.7411919505185233,-0.33354344572407163,2.2436662608950404,-0.9509488426177223,-2.2935317563726842,3.2523505784904825,-1.532146958308945,-4.3434858839445285,0.017769216173032076,-2.3287370487675445,0
0.5623558237454772,1.1916308355158256,-0.10314727811683078,-1.3113904971365453,0.40279560223665634,2.8428578712472583,0.008505792098532469,-4.114517914417753,1.1487595495361773,-3.1456538244780967,2
3.4716001239051253,3.528953909069018,0.30181567231627554,-2.5350402502695553,3.2843234696344883,2.8215783118652134,0.35220049302425716,-5.469563272505055,0.8927852133948596,-1.7646070096074031,2
6.31699683588777,1.947593607080608,1.545012656216295,-1.7132400842913542,4.0626812683307865,2.003764007345587,1.4362285479508148,-3.3956617304470487,2.5782086414572483,-1.2255354410521508,2
8.549706959845944,2.9850349169603816,0.9554078329533643,-1.4999996737938797,4.753953236328834,1.2671343200099263,3.5787775834542908,-2.269517973956812,3.3427850446041902,0.3323656262928823,2
5.841941557577542,2.589590539616176,1.2358598747652352,-1.0882063933269335,3.5023722556259367,0.13726045188124752,2.7560359887288186,-1.4923779836374618,3.464052072745719,-1.2894822446767997,2
1.529406810934384,2.75390796254698,-0.4119417231422865,-0.3016094252496618,3.2518175905397926,-1.1171562601675995,3.199841274673048,-0.435748456725767,2.251318915306099,-0.5161676740613615,2
-0.5903316268830897,0.32835202038717926,-0.9804270172115555,0.9212255372316736,2.2361266158725144,-1.0760048626180765,0.20089489459722482,-0.655035736847391,1.7483112593655519,-0.7928953184799937,0
-0.15020400430902014,0.9779403844367311,-0.5036224862144643,-0.27256286078742586,2.5934221307160334,-2.365671375305293,-0.2997981368640037,-0.7016576701079362,1.8493801651248787,0.6061493906808717,2
2.909638488354958,0.7301034546897757,0.46376749350611646,-0.9732561281848042,2.0828678317080396,-1.7545205206963617,0.04007368576837663,-0.7779406965872904,-0.08968273613790366,0.6670414573990736,2
3.163897551891124,-0.29571013370269156,-1.4012240274834502,-0.30301230668974355,2.660626721537379,-1.7638472788545296,-0.12263916693850262,-0.7540604628331893,-0.3758620238772486,0.5071337028149,2
4.644257685075566,0.6192752326064965,-0.23890337949244525,-1.3832179372396511,0.9049076355308843,-0.17237537502869565,0.6270622979201481,-1.418017295023285,-1.6071921286886832,0.40168547284398404,2
4.1363650054939685,-0.40753448029338707,-1.6119693716415344,-1.669901640537819,0.4079299381138903,-0.8599392072768497,1.2237643998021106,-0.2025724934047908,-1.1517720633046615,-1.419639638608153,2
5.555850504442744,0.10023397918460814,-2.647793192886851,-1.4914507711915554,0.8791555705980282,-0.7681761364962509,0.19075906233610113,-0.4254872651814467,-1.1863194200305114,-3.3784934585631023,2
4.946989896390674,-3.168378375124176,-4.140105622098593,-0.3767320373536597,-0.3312449757531134,-1.1583660774836702,0.20510347637847412,1.745355316054062,-1.9596454588089665,-2.7599593241301195,2
6.900586064804657,-2.056558808264981,-4.488666562362175,-0.03529681228759147,-0.10266863885122364,-0.645544040129768,0.3599904107596568,0.18013453974487523,-3.0548691909047263,-2.6720673357445444,2
5.977944786024966,-4.261162776141445,-4.758398139624041,1.8174374205711792,-1.3602872231293155,-0.8489269670002102,-0.7932448095254582,-0.7177711088902118,-4.544777922419071,-0.23140688991135935,2
7.057563251303296,-1.1736791080918583,-3.8659466321003197,0.9166226802663727,0.20623536306143095,-1.8243512066389287,-0.2911231156289451,-2.1560786248265678,-5.147881650132249,-2.088679831127339,2
4.145862590350552,-3.1308742535855285,-4.91023605922247,3.1654341531463372,-1.061891550046461,-2.4363950122253257,-2.4663860152628696,-1.2557996085729424,-4.096771695067072,-0.3728433905706786,2
4.426562890622602,-1.610682250578992,-4.703052749771525,2.188885690350453,0.3456376054504887,-3.7077466277958915,-1.4679855126937575,-1.1491880108404742,-3.9436352024846397,-1.6222601861460006,2
2.981936167297144,-3.8601230931102033,-5.928020308063866,3.959272286900909,-1.2690667342714055,-3.6130752909013313,-1.0871573082664359,-0.11995024727370537,-3.059665839394158,-0.02907512519120624,2
-9.633289614483996,-1.3136676056759709,2.912477756874205,1.73245939305287,2.685157025072702,-4.463673511046482,-0.021518669455850497,-0.0915554913701202,-1.3550747964479313,0.04958098527902953,0
-8.614184307103002,-3.3495700731239606,2.2971938216599677,2.6312096119983717,2.5109162082156953,-2.9808195824214443,1.8334428361919124,0.3465411736396844,-0.45070325112195564,0.4856754889358336,0
-7.550921915803958,-4.379801110716798,-0.10209661586243624,1.1368542482644026,-0.2951853745936509,-4.798241947232525,3.2429132103283105,-0.597878835646431,2.320915490721348,2.1263279033003855,0
-3.8735289911563924,-4.633002185291282,-0.6971615101219124,0.7706323562205509,-2.7036714998211506,-2.23368848759306,5.129856798639116,-0.21147170537329435,3.657908675204982,3.259843124059272,0
-4.489593061846503,-0.5434401368318672,0.028036123187737485,-2.1739838009510755,-3.0139711448003195,-2.767603589264393,2.348076610947811,-1.8755794207460925,2.992680329680974,2.529703290425227,0
-3.3575843758985178,0.23843541832042875,1.1302046738239326,-1.2986424433918948,-2.9518175168670173,-0.367657253357134,2.821675744256181,-0.4837915995424606,0.7618281959295882,2.2995216473951863,0
-3.847187783833993,1.4515108585302994,3.030360836113508,-2.101923068116911,-2.765831584570824,-0.013524027203194813,1.1488580489635678,-1.9383205468550533,-0.9831344934937837,-0.551728371674789,0
-0.599542701591241,-0.793694615051919,2.533422780207478,-0.7371010347114696,-2.6216745198318803,2.1187785175399063,3.2169847649709187,0.5292459860762571,-2.6804091414152698,-0.5204399262985512,0
-0.44335927757795146,-0.9111170609676504,2.8680330323665046,-1.6793309059374295,-4.370758166382225,1.6911947087019512,0.7827976101003611,-0.7833247206967383,-2.3637789985043076,-2.172220686153268,0
2.8553182394429166,-1.1131028431964949,4.141667435586421,-1.0759927248122225,-2.857688102172823,2.0846747996816544,0.35530155047389916,-0.9904799998851369,-2.5518869426311657,-0.9324230982095819,2
0.22414353511167656,-2.784389009802832,2.8140718030301395,0.6793985381452822,-3.6101628838569013,1.2451554843433903,-1.2303634263906287,-1.649015064755842,-0.9463476843304934,-0.64850681312192,0
2.9791677211120406,0.6555479301549754,3.6867366248842894,-3.0565591113315125,-2.0146201758078566,4.618432252381251,0.9077057033230909,-3.5219207814395315,-1.1237447161171255,0.5254147658067477,2
1.0376439547377054,-0.4651399150213263,-1.2116853415140583,-1.6318157607850243,-0.8525104498918609,3.6896187148135446,-0.005325031164143527,-3.211653589271001,-0.018801370400264757,0.39204049322062584,2
4.245759218913153,2.633989881840739,0.10859063400369534,-2.488159091503107,2.8337248669857638,5.380666319916959,1.069047506656749,-3.992757657917493,-1.1374340284795117,1.5896739718496629,2
5.796007145471555,2.699193360220418,1.1147796357875899,-2.367053791384574,3.039576065114014,1.7233816236648047,1.1632255318975115,-3.080917695149893,1.2757487660073354,0.852726698937014,2
3.651778152152074,0.4836897679380071,-0.19922631373250815,0.3050375127075751,2.041120482543489,1.6008188825825596,1.7896377064843378,-2.1591035747014296,0.10658015684980633,2.492279315294185,2
3.6401139959243127,-1.1798422804648676,-1.8913519534534642,0.7564911593392845,0.6391562804594689,-0.4234141844173578,0.9531063273906935,-2.061411365093208,0.46207409559925133,0.7586733279372531,2
0.9501777494399637,-1.6629825399092064,-1.9555267690025058,1.1058976976131856,-0.4244276534237379,-0.038954426152514585,1.5956495673545616,-1.0526778141246533,1.147200883347419,1.7965123813522517,0
-0.8322661117217212,-2.509016010969675,-2.529475288846633,0.8687186194255219,-1.1434677157200392,-2.2217317346421055,-0.8188404460736091,-1.0604071044416628,0.453657955587317,-0.3401099468533773,0
-5.047750881595696,-0.5333450899788706,-3.099834974432976,1.886227406041074,-0.9810632743001386,-3.2007444687813806,-0.6667227474055278,0.4632757571114633,3.2643875758361816,-0.7483592885762276,0
-0.770498101083184,0.6900988530460678,-3.2933215146122197,-0.25279508591491784,-0.5960646143263472,-4.902467599915596,-0.686643528565195,-0.7951850053714418,3.313108897101371,-0.9985061583297471,0
1.3587578105271851,0.8111013593533316,-2.3201176902770464,-0.5989875921149623,-0.9985699966079334,-3.096722956931416,1.1049027365581494,-0.8364407323342058,4.237065050738595,-0.6290354446661895,2
5.468277915761673,0.7088750175365202,-2.1352077071433984,-3.265232283553686,-0.43933134859031386,-1.493469312474903,1.3205088998714138,-2.3393259129118613,-0.5015821345394722,-0.7152092426542126,2
6.350001796284213,-1.1456323847103762,-3.696861597168738,-2.464764268664553,-0.822504478701233,-0.7913891481330125,1.1415811395290785,-0.9705197126440217,-0.37669874157727523,-0.8581944395290395,2
7.5403990160596415,1.8283530664248389,-4.796489134011704,-3.9452733127125943,0.9560064354436432,-0.25871591833013824,0.32070468054942036,-1.057270830042236,-2.3875100241478173,-2.399297044261795,2
7.345063665482696,-1.6949865298085671,-4.291515552628406,-1.9153933141564743,0.11818524628581545,0.07680474993293282,1.7710249716513242,0.003129588816767609,-2.685513273650788,-0.8448220240144669,2
7.231789346825362,-1.822431384587166,-3.9585778773534703,-1.0971174094307046,-0.23641340665474975,-0.39560917668714557,1.6481029518185966,-0.9024081534958673,-3.7865444705131583,-2.133694215627441,2
6.298766471255294,-4.338218529322312,-2.194391505681255,0.8968164571559406,-1.865412367274794,-2.0425443070557807,1.331220320293732,-0.24104011760304517,-4.347258220696052,-0.015030793054372344,2
6.705804805068879,-3.027467982520841,-3.545718019090735,0.3279464945020594,-0.8241686334539026,-2.7460269259144146,0.08982003698222461,-1.4559489596669468,-4.453595478955074,-0.9762998297767872,2
5.539384894579391,-2.8986876751001076,-3.637781332598509,0.4566211083854619,-0.6393543266627142,-2.914036060416526,-0.43379899480730927,-2.3741293923925113,-2.1276044078385277,-0.03042974224409202,2
5.310927240741899,-2.7779384198315196,-4.634735420893284,0.9383042910006258,0.9967466094262102,-2.260332033401046,-2.106210889337788,-3.1721484363384986,-1.256316405331089,-1.5969792575455801,2
-7.7008303186706,-2.751010525881459,1.2999445223639645,0.9302909281119444,2.3919200338973177,-2.9019799175345025,-0.0010629553510964442,-1.259730197802126,0.3184893848742416,-1.8001642239402027,0
-9.12720159768946,-4.42429404784434,-1.2640926759461932,1.4708057021086265,1.634045639672305,-1.7153018909637794,1.606273935530607,-0.718900158484931,0.5922943834431194,0.15559033516955398,0
-7.226870367228795,-2.8166464326461647,-1.9267686521197938,-1.5877140888587948,0.2103014853970377,-3.811231549498025,1.0812761822770656,-2.480683255011834,2.305091098060011,0.5088988499394974,0
-5.661206285212643,-3.7529093987317403,-2.601705787433256,-0.8871070598155066,-2.5606938651459257,-1.3884002702312475,3.5033662518124578,-2.067874269693627,2.531102612531249,1.5577857707284408,0
-5.5061090674500655,-1.893208299970058,-1.759902966494501,-1.545674124556668,-2.538326378498689,-2.202906974653978,1.7995358989025807,-3.554087496726218,3.0466929443880177,1.0140086696480688,0
-1.8117302602111118,-4.056749333806681,-1.1417744304458044,1.9248227330765106,-2.283869459061202,-0.3604997769071209,2.863610136070556,0.025632836477822236,1.1243495853992247,1.3985264297661468,0
-4.746516257368139,-0.324776329291299,0.907333683176251,-1.2753449122944107,-2.89889200583455,-1.4692560098619845,1.6749678069031126,-1.4628937072743777,0.054945480852154525,-0.4878741200762423,0
-2.635712775864114,-2.196444273316876,1.0479396041739484,-0.7264611661542406,-4.019526833913217,-1.301102403591486,1.0723251865381311,2.1579740555758593,-1.7658914180443646,-0.6459876824362837,0
-3.832042673078459,-0.2164119946460068,2.5238593838069856,-2.080202377796587,-5.156275482885586,-0.09598858299001387,0.14591919905100997,0.08934374552305374,-1.489377192549685,-1.3610113202517047,0
-1.1683285139580943,-2.274275299827656,3.4670746738136953,-0.7162680249618639,-5.100169027761892,2.673710095855674,1.3711919547034217,1.415454949835681,-1.3037777826033166,-0.8492729877254204,0
-0.8572298992742159,-2.1640318770663063,2.7250955982591094,-1.018960716291837,-6.085481080155154,4.291757430321838,0.5990921012240864,-0.9626135713305293,-0.08748702150795042,-0.3147772521023319,0
4.2126617224470815,-1.5567729323941757,3.045843145621241,-1.5549435917809173,-3.7367147752756202,6.397955771128876,2.0088751461619596,-2.2161111712854336,-0.8465521118701761,0.06830422196352604,2
4.143672012242572,1.759947270515916,2.2311841098019993,-3.572517030301439,-3.344664243494118,3.1997203156101115,-0.04059243927652263,-4.016384793761857,0.9514146370548082,-0.19744896815418242,2
4.919196825756919,3.066513533154255,4.048813918837316,-3.2467694914386516,0.9898446733659543,3.7418137397074807,0.15807736884793894,-4.502718625154416,-1.1261717335547279,1.5069259953620358,2
4.430689350247923,2.2777596111048743,2.1614701089074186,-3.3147831750816956,-0.5052727961911418,1.7491769958760977,-0.733200087986324,-4.382820486140569,0.26552069445931875,2.3954986396732743,2
4.899824186487688,3.0502894980869,2.548128995908567,-4.120676429236572,1.2800370435005335,2.2330520612235754,1.1760438675063722,-2.3452649327275568,-1.8690859469041556,3.5071076002882093,2
3.1710895854231693,0.8099917459930749,-1.769529902274966,-2.492758188499788,-0.20752837187119247,1.503884270381375,0.5733496477578868,-0.8936578991829554,-0.9939125443210806,2.2806301678619483,2
-1.3257364656245196,-3.19499635232225,-2.9881970393340964,1.4901779117600775,0.04263678503748759,1.7907981531820434,0.21233975626694343,1.603902786134376,-0.6539367352072087,1.9626698660498794,0
-2.6694725835756694,-3.735487200342663,-5.141609167454696,0.855247243852992,0.7460746017401013,-1.9556237959716216,-1.1113753382217737,1.2490817877822404,0.4159887455219471,-0.3036051145577616,0
-5.672517903189599,-5.176513063364743,-5.179495701785909,4.1145366527157226,-2.3203930285697933,-3.303081448077967,0.1718603219237567,1.5437456403218033,4.052884653200113,-0.6334987882093698,0
-1.6095143436557637,-5.800721130172084,-5.643675736768187,1.6861960137383893,-1.1563889319079756,-4.286821631764157,-0.22283778607827598,0.552081158087555,1.3719534779069702,-0.5828192998944989,0
-1.297349337578279,-3.593060899211644,-3.740826936645387,3.3199911884521542,-3.6649136734331607,-3.376779015992545,1.8067132392434013,0.923837439522349,4.114907366574945,-0.6717156716469416,0
3.595172648199539,-0.1838656151146552,-3.757921084670437,-2.569122082479269,-1.98331052077076,-2.2509426931171794,1.2666745562842752,-0.010943368613134935,0.9905677331924478,-0.5992953662659177,2
4.954718836978106,0.25321829395256595,-2.2638428289021704,-3.731699255241524,-3.4226031885489787,-1.441195316486186,3.040304172367916,0.15005798294194098,1.90827672848461,-0.49797465784921263,2
5.682805331890018,2.911566084798997,-4.110152011659626,-5.992617111420512,-0.532154623851039,-1.3298399311282971,2.6527418079396208,-1.593612556584354,-0.40026868645769204,-1.1098094737920345,2
5.350970410626189,-0.9273976345847503,-4.841426120081582,-2.099532811691561,-0.220708448723417,-0.5235647527230268,1.545833705977268,-0.7008922677344916,-0.25180722893987884,1.6086767010641332,2
4.804085849495094,-2.610920690652829,-5.759382726355951,-0.38156968978726696,0.17169906352562284,-1.5980773619011357,0.9441127184798741,-0.11619224625561474,-3.1377347589793922,1.6159071893604762,2
4.973480761699205,-3.4534676085534968,-5.392350369786251,0.21934321602036722,-1.0004749777948543,-1.698153215186184,1.113547294318924,0.0877063640704848,-3.5463522802349146,2.9359243674714364,2
5.324042455458296,-5.013409399925555,-6.93313545488858,1.390370090540763,-0.17721016184135557,-2.506880658547721,-0.7789755781041497,-1.1757013982455198,-3.582029480108435,1.3863100235396937,2
5.793795432534245,-1.6028558920542464,-3.5231063436780543,-0.5269797280484684,0.8236365454613983,-2.812876913729719,-0.4845164849824015,-1.7916291438989953,-2.9401567513284403,0.9232169510580928,2
6.956315211547218,-1.9266997450936068,-4.796401523915422,0.04203798217049448,1.9797746903426001,-3.256046916363275,-0.9328749916019378,-1.470202814054485,-2.470118068424771,-0.09339640191718857,2
-11.987571750497034,1.0598975950017946,1.7932863292176053,-3.102512652258592,5.336056242559766,-3.8845865010240628,0.5327427419782402,-2.610347142266664,-3.9544496428468263,-0.6023912540666629,1
-12.068862639885005,-0.9060710805170085,-0.14708967967819345,-2.853499796637498,3.9151128405623603,-1.4293547139110574,1.5690815585249578,-2.611037393756283,-1.616504502913306,-1.216166262203811,1
-12.173779551311556,-1.3375770073594513,-1.3618468901344865,-4.492130932902434,0.5185865557170818,-0.8727174967716379,-0.27553956265374147,-2.336261111597448,0.7496950709900186,-1.0326583058777787,1
-8.176439245251917,-5.638533106961888,-4.807027253955416,-1.2809964120176989,-2.5531339187326396,1.7146962106247685,1.1642404009122573,-1.785546837630863,2.077239131828224,1.3471355225545005,0
-7.628515478777357,-1.5671582009493559,-3.763924120447673,-2.162009928819764,-2.4046522294222603,-1.0248468982487324,-0.2920263748733298,-3.2788303956451186,2.1283858363693158,1.3681923311373088,0
-3.5169357119122817,-3.424134538355126,-4.085785863647786,0.46141483000315087,-2.2299700967401153,-0.6745072726888084,1.0755930695327178,-2.1721969237476317,0.6276099355028153,2.1266140415536405,0
-5.194698065787527,-1.7122472938418811,-2.819270600623491,0.04900772121747001,-1.9671902211895114,-0.40962188706795666,1.0914157841532952,-2.6697466458762915,-0.006061512646068095,0.2997888457537494,0
-1.3590020685370179,-2.350319717903551,-0.1601022104615481,-0.6376667872709012,-1.9873065010181883,0.3506081090361011,2.014793167834842,0.30493543624547587,-0.3662953654298148,-0.29336971485244306,0
-2.7066310137643432,-0.6050158359641066,0.21528066009610328,-1.6418279349657185,-3.980053855385526,1.6630254227905152,1.7467920319294061,-0.7000807181253736,-0.18737928764813186,-0.38181494404325056,0
-1.2748044096694,-3.2155720066589875,1.1539509506034875,0.28763612998560983,-3.1030425141580413,2.3277466827758513,1.4181300182336893,-0.38801817634805014,-0.42757549253271565,0.7452432059126016,0
1.3562242426113271,0.3229213406454743,3.0290088722224437,-2.417189051514698,-5.177293972589929,4.581745935325579,1.922570264002655,-1.1689918928005696,0.976424112353102,0.6784639549984052,0
3.6625388360423483,-0.9342240887258718,3.72797795513742,-0.2991472544519767,-3.480810449453126,6.7749862615407235,2.5547588274643735,-0.5348086195700382,0.1996346148675077,0.49773321199335824,2
6.706851395898957,3.283029267909037,5.1629914192134025,-4.010398308130936,-3.6887862275451724,6.1412447050269074,1.5223887243030831,-1.7376064719428987,1.5667435719525364,-0.2511952784726321,2
6.235062605645446,2.129399817093167,5.55888747813789,-2.0090967491598555,-0.19754821804025088,4.52547019065466,0.2195738122229569,-0.569184616034419,0.8234836725559691,0.18761760144537595,2
2.0007572476728566,0.6611787125409752,2.55303566596149,-0.9435394719018056,-2.75664904722543,2.448382465609823,-2.368930155324451,-2.092002609842389,0.3901573481068946,1.7337928681770987,2
3.2165354405243693,-0.5503934321313113,1.6835084955833644,-0.8530682069085581,0.4149481950153805,1.4814940353570756,-1.2110693495387184,-1.1139651793797234,-2.1766585058539336,2.7470063748932265,2
-2.82849408143751,-3.8543351326304007,-2.588910695565589,1.0057918750880488,-3.4385187664482775,1.6844972968174037,-1.914794964995355,-0.24070384367192885,-2.5861819937515733,2.774163982659661,0
-1.7057581972335787,-4.1075674723846385,-2.5144501720526455,0.5592295928649461,-1.7540750691489349,1.3998993323139146,0.5872885363941069,-0.004662605792458282,-2.321216231739957,1.7114443547976923,0
-4.936459503536551,-4.4428488675220805,-4.500021288574329,0.4236100764257341,-3.528827576910344,0.285838102639861,-0.554611737539131,1.587344264120253,-0.23927585242028412,0.25219840511829017,0
-5.475171664295018,-2.648892247638796,-5.1011645976475455,0.6032307602749196,-3.246706031295107,-1.6780467276022122,1.038470382527485,1.3903987355888279,2.5154801264436295,-0.05107516320864941,0
-3.2065385025234847,0.20522400974331437,-6.431725078130415,-1.1847491074321206,-1.4437957030150657,-3.1463640791079386,0.5622828334432768,0.809043098054813,3.5443635101990965,-1.519525370829051,0
1.1909085983991352,-1.9848696398623003,-4.361813494191018,0.5895440300747746,-3.2315186086850645,-1.500521011356122,3.0957744186329332,1.8725580986334052,4.170477814854039,-1.646529750671653,0
6.5041870786031355,-0.4261779943221521,-4.049347451101491,-3.825646024789294,-2.0803932406737244,-0.7977082994931255,2.5189945456469998,0.3561157817089227,1.5227930735932578,-1.5148705162694478,2
6.583168074082103,-1.3285622142681557,-3.8719468702471302,-2.299511828637262,-3.5073021620830698,-0.3935667239504302,2.1743275638910973,0.09671912206343289,1.5106887785967578,-0.43486279485000956,2
7.016339925958229,0.6275408925777076,-5.184239273324088,-5.1855557723288666,-0.7686220283561672,-0.9863057274000134,1.173581703886808,-0.7912145322859397,-0.3056172655898573,-0.359134607498482,2
5.832737698193645,-1.6652355142114919,-4.392695932671897,-2.9147442761577698,-1.355386182523591,0.10463308076757702,1.706681400414429,-0.7022308224551423,-0.04917547186116949,1.9291111697188519,2
4.49133077922274,-2.2709680974067,-4.523452139924397,-1.7533770588517337,-0.22602707533545216,-0.14170497275656405,0.8636845712087435,-1.2065987328569456,-1.0374269934027203,1.882902120223415,2
4.7578072385358565,-2.1116643378263227,-2.903104922135566,-0.6251570219125273,-0.6576978593450755,0.06027767014170873,-0.05938308375928541,-0.15045742093271247,-1.0223736080416843,2.139558619281283,2
3.2697003453483964,-3.367859795487997,-5.668146889273966,-0.3539290485264273,-1.0585722483334892,-2.269596535788044,-1.3121407364560649,-0.3613195603457555,-0.5478236993279088,0.9215092737147381,2
2.8023293822137973,0.5013441406279829,-2.9543865623326258,-2.5350790816443607,0.23642829287478181,-1.3647338106047942,-1.2946565807246726,-2.2041794354412407,-0.4564284571029921,1.0452432843298671,2
4.232453418865928,-0.7176275344398593,-5.278162580944053,-2.7153957969578926,1.797274919861521,-1.8988333128168464,-0.6977247523931754,-3.1283411903436007,-0.053116971876703466,1.503991185432658,2
-17.58177539238325,3.8674253008760644,0.27606642229132494,-6.048334300404521,5.10227108976353,-0.29842000067736235,-0.5301072283495128,-3.4409507927319183,-2.7918447289793544,-1.8509246708141947,1
-13.960070815840297,0.9049179859253575,-1.457080248232855,-4.02857058540027,5.189084865944126,0.3172671654060019,-0.1813446880487848,-3.1646540190926946,-1.4416524318003503,-1.4762673074112533,1
-16.857701423314907,2.938958627414791,-0.8142295137923188,-7.658954426408129,2.9836824914531515,-0.7684806133987885,-1.294389155813431,-2.2962586683519373,-0.9958426173550489,-1.7521765983746567,1
-8.547159453295112,-1.3451770729063475,-3.201757820174238,-3.9959358893006884,1.130686194510758,0.49407527107865284,0.4884797873715469,-3.0297137561748384,1.411308899478148,-0.39217899480970725,1
-7.6195942469235955,-1.378087882546204,-2.4101660938838467,-2.695501085757509,0.03393799884777949,-0.6145063765717808,0.361077945257285,-3.0137971817000464,1.0541284581163226,-1.0015380795443367,0
-3.4649335394751097,-4.91452217480824,-3.2009134827283217,0.9268326488990526,-0.13306220742292718,-0.6735313238213052,1.9885000821298358,-2.933672840141889,1.6082218830773183,0.7733348055356734,0
-4.0672761608500005,-4.054643727996611,-2.7772083278762887,1.7453891862454427,-0.6533933606789427,-1.2447747488888785,0.9399071212166114,-1.7548291857084863,1.0812129127435084,0.14701820747500172,0
-2.8812421413264806,-3.389966480034964,-1.477395987276913,0.4550000994364411,-1.6278634106526875,-0.649912709302132,2.4005024660540912,-1.5281008134235463,0.8540518993836486,0.8240446484943438,0
-5.499368524966985,-2.358723833693547,-1.8395020497430687,1.53473288228582,-3.65188920405796,2.9911597683874005,1.5416418286348816,0.42317574137625596,1.4706652223786678,1.3662387289815825,0
-4.562477633521001,-2.8283132408355836,-0.6826761744524094,2.417553968338191,-2.324089169608529,3.8856968170926804,0.6565790021830075,0.7286160663438238,1.136426047365888,1.1134738993253301,0
-4.193669354196862,-2.064850881392602,0.5945920224541485,1.7535604341187732,-4.7280277429825155,6.135946703481287,0.8497959055282316,0.327065604321779,1.6245683687074812,0.8661694491344268,0
0.1523508983417124,-1.773965128730484,1.5027528274662605,1.1053947652261396,-3.5483359017699683,6.122200640654396,-0.5581216541954485,0.8934550332574266,1.1885353610585834,-0.08462503500614332,0
3.039128546938277,-0.08269152335861364,2.887642846289503,-1.1313548834056248,-5.356868022231191,5.154457644002351,-2.2625720889625387,-0.44599178958638624,3.1098062991659408,-0.7646191455246667,2
8.724804908658715,3.0901833431466117,5.377578232130365,-2.640164579046316,-1.470869882119062,4.848609656909956,-1.8113696800026349,0.14840438238104986,3.7669125232314684,-0.0027445846201580937,2
3.9073934594292323,0.8611627258348917,4.866289387850809,-1.3155365892342592,-3.675346514808982,1.723331470672631,-4.378718642704148,-0.784991233329104,2.2079214185878904,0.8978786975402655,2
5.589627299922199,1.0622167060077667,3.178901453898384,-2.034585002621724,-1.1657404343150841,0.07534682362942356,-2.123752457307601,0.13291798303346006,0.639607309571603,1.838723910380126,2
-2.348090006822251,-3.5016554327651828,-0.2229941321712175,0.2830773166432096,-4.828332645313112,0.163672697431771,-3.727706137593296,1.1002259626933872,-1.0587539852477392,1.459813829709953,0
-0.3365605574842295,-4.225569172408281,-0.24038490412066507,-0.36104515607040993,-2.5930913483148155,-0.3953107219867953,-1.5775023706354097,1.6450675191835955,-0.815191358384117,1.0410338292118093,0
-7.2195714877862125,-5.379333363122801,-3.1734284245732667,1.2508788966530762,-4.717491785462851,-0.5336285783461344,-1.6982039160364824,3.231844454940306,0.783821522477501,-0.4513308449994882,0
-3.3916526704850467,-5.188650941640427,-3.4589654435486126,-0.617294712645161,-2.7255278151976094,-1.8997049628782434,-0.019745950622478026,2.044285872320237,0.9349755331997427,-0.33209239381443556,0
-4.152859376483774,-3.4732793903740835,-6.429466707962033,0.29604088143491597,-2.473943258994846,-2.119842941333214,0.018970683891757538,1.6035847897608706,1.2839220565142924,-0.31531266096852306,0
-1.5703917542746693,-5.937706640554043,-5.615659773516881,2.7856171286791853,-2.4459098153926386,-0.5518933009769454,0.08256851468121175,1.380721093675268,0.292752561743979,0.6444111396690916,0
4.669796180401485,1.1637350218753668,-2.5501165763615896,-2.9188057705499815,-1.1789489856183832,-1.5195739212351793,1.7393961642501532,0.6506669805789934,1.5695958408746686,-0.7436511575741805,2
4.574446943389599,-2.0920755279396106,-1.5917274285171485,-1.2805327230642018,-2.1807561106517737,-0.046185239096639505,2.809789098027896,2.302616797364286,1.6125369730225791,1.1635462152959446,2
6.585259637970212,1.3537925036561604,-1.4785738343271455,-4.5077847846703,0.30132554692746366,-0.10254567325174763,1.2732439052058884,-0.4931978769546553,2.003349716087322,1.5358150659218455,2
6.094463569248153,1.3736821402176107,-0.4963917217491141,-3.165986246321926,1.4366297819449674,0.10335682190300813,1.2244506755562303,-0.16160613360241027,0.9823897729140261,3.1559962289191232,2
4.013227011118093,0.09137702474836572,-2.8551011781067843,-2.210851350152895,2.3366307415845853,-0.9420866981313761,-1.19830698953596,0.01899519080502116,0.9056758775697654,2.8909665609647375,2
3.545050509076851,-0.47882565454225523,-1.6888486010413877,-1.1530800011204416,1.134592553735866,-1.7268661791972366,-1.621543850765078,0.4594113615036356,-0.3809964571903106,3.5011395088979884,2
4.862995518896419,0.9406149820480518,-4.851548048070899,-3.733932544474054,1.6835119758774864,-2.658937004513061,-1.4467205341967935,0.03316754629034546,-0.6541540183817769,3.2660579652059423,2
6.067785790162922,1.5348162992485652,-2.101752053349914,-2.8056105365135693,2.402032666949595,-1.1698631779962405,-1.2894510163730244,-0.907188508025103,-1.53476184883921,3.3344055799239567,2
8.506860914964124,3.640230041904079,-2.842665392387913,-6.572687575027782,2.2527827529701745,-2.179852133469542,0.16832962244928795,-1.130558481497188,-2.233031072771948,2.7202758281485893,2
-26.082519337448865,3.6502556483011768,0.34115633114158916,-6.1461994532237005,6.234352586725059,-0.3267963707749933,-1.6710747500864562,-1.171692804963043,-4.704611768855768,-2.0292435573562257,1
-20.22867801238204,2.7744050040381105,-0.5000603600674349,-4.6405557487336075,6.407794696270726,1.291354874757257,-1.8385999143669474,-1.1194779906824104,-1.5853036073955455,-0.71100545661227,1
-21.181213728285773,1.9588407013137357,-0.6630778261765398,-5.909092896147669,3.763329373739861,1.5366689548658832,-1.4936932722854213,-0.4928334291144455,-2.269754704334402,-1.2303941895002377,1
-14.071009386310664,-2.1550900894950518,-4.0447449216752025,-2.2466814020807644,1.9341611854425014,2.1397562835402404,-1.7774509933998761,-2.0192095435924298,-0.11794818257367308,-0.12776244241383514,1
-9.85797010758698,-3.014674336808611,-3.4820144099672667,-1.411760809274838,-0.03572397280896611,-0.4176554354657672,-1.7180563577853154,-2.608116953019645,0.33954174203769527,-0.257736340744198,1
-5.518321029096792,-4.682500550439077,-4.171799943351157,0.456596966317724,-0.8548457610604069,-1.1652302839378283,0.8720121883526795,-4.0575017610534845,0.7362248659510878,0.37354828463602036,0
-2.148782615152928,-4.062039927481731,-1.783090605182761,1.2421695008103253,-1.5884580103020642,-0.8436669233114723,1.394560296928918,-2.524714714207696,0.5875942238198494,0.7203974900468919,0
-0.1623312766548883,-4.135524879579932,-3.121514820798897,1.4364337137854617,-2.0867477913361343,-0.020886765362100934,2.525298600454552,-1.368059244295053,0.6392949165040162,-0.2734312585874127,0
-3.0727891502358147,-5.853744898709539,-4.405359859294681,4.089102686520668,-2.7024900155117013,2.3829061370973528,1.020097388462169,-0.40597794085532796,0.6155855161247543,2.348287187974698,0
-0.8300465308204461,-3.9919029779880035,-5.316047194314739,3.397965450017856,-1.0853744906411802,3.9184633541093987,0.7322530399965433,-0.2551451868395274,0.8707644590752072,2.739517820253253,0
-4.104872440978406,-3.5568105091339772,-2.9586392188143353,3.843231740898149,-2.2493013468522953,5.507371846871346,0.47796131176063233,-0.18645110581285787,1.9653704611044605,3.6707076214613283,0
1.2639065213376277,-0.39672157088186266,0.014190071976039593,0.6206141333100578,-1.3412665431128987,6.320161934336729,-0.42031119689178054,0.6656536234759475,2.3145445998027943,1.3241720582249499,2
-0.40632141465976507,-1.7300083776603359,1.74529742322478,0.6956965287270402,-4.032128493944231,4.679684594088942,-1.938907512553281,0.6292138998308179,3.7108510729523774,-2.189609495582019,0
2.4154747248033663,-0.5930425049316275,1.9529384713646964,0.9212294479888572,-2.469347109853943,3.8705142643818102,-3.0989544907131084,2.501156976346499,3.372113653593509,-2.118354899352202,2
1.979719563272413,-1.9179660721547622,2.421447103457117,1.0024168343569568,-4.0279931011415195,0.29703059967846906,-4.188301864856454,1.1584512863961276,3.125479018885662,-1.7609022547357085,0
6.040962277392799,-0.08638078033282429,2.4891247257533524,-0.24585548349120576,-1.4780706293874537,0.04165501760103374,-2.700545500273999,1.24060928938541,0.4920720741238383,0.09783311755759773,2
0.7242235946995557,-2.7900601813781676,2.23763515248093,0.09552626714352928,-3.8832755648524038,-1.6983553121458705,-3.226695548876222,-0.1411565812686696,-1.4635152960634918,-0.539071852979538,0
1.5261414331896628,-2.345994739421284,3.419926078596406,-1.3201028505163162,-4.353208945855408,-1.2910958078303967,-1.6479103768945353,1.9834693613007437,-1.3495790624681956,-0.6946198365950644,0
-5.179845664673366,-1.5473195241273345,0.8591147300826123,-1.48088366231733,-4.903937957893923,-1.6523614010928436,-1.6485331934536902,2.4537794913004722,-1.6047104978026687,-1.0470260873874029,0
-4.753680464189106,0.28440829059733497,0.5946543540856688,-4.299463132351313,-3.542773460063175,-0.018869835125196754,-1.0680760239599703,2.4397196053786683,-0.2927727977713339,0.5654666021972524,0
-4.303380372299317,1.1163008561904293,-1.5546032384531432,-4.061430848104794,-2.2449836963696486,-1.2235562414630303,-0.15222298046213514,1.652711741248843,0.2922814558459024,0.0397926166421497,0
-2.291775496787699,-4.357943065562861,-3.449455945555468,-0.5232058927450752,-2.7207353041077385,1.1114843403730443,0.9528566792944236,2.0259378050522048,-0.1652987465026451,0.6749724561357064,0
3.7140932086498637,-1.6610825876080528,-2.965648152601918,-1.7651555739550284,-2.4034276217235924,0.036463590545195136,-0.7112932535941132,-0.5562610311015331,0.30651924466550307,-0.4847893980743997,2
1.2731982156943418,-4.464220730683191,-3.600083410157452,1.6319581576894504,-1.5083504034359017,1.9326065289685623,-0.7579897221969569,0.9947188582064408,-1.0594096030896898,0.0065211793689876054,0
5.030361853574535,0.20513244774377887,-1.83239128538957,-2.2266702337826767,-0.32125986346403607,1.0311753102065229,-1.5033702274807696,-0.7198947313683011,1.1512636489444144,1.097979782378201,2
4.665503632114675,-0.9024062881398334,-0.8855058117171035,-1.8687148398581197,0.906247707121423,1.3685525883511005,-0.5575257430483936,0.8061376439899536,-1.1435989474625083,3.7950291755595793,2
6.86411790057914,0.3017091356358517,-1.0024356917273558,-1.3429046793171555,2.241448276497302,0.4117548963700849,-2.1446091132263265,0.10662039348509635,0.8747124473022336,2.7966007812491727,2
6.965077328133087,1.0783313043403655,-0.5859809685901249,-1.0233975658964172,3.0890488781559964,-0.45520783303421686,-3.088729353602825,0.4329270257774587,0.7671012974883576,3.2116659934038827,2
6.544873477063807,2.502517272314215,-2.41858702759408,-3.9185919173031065,2.5106955813797085,-1.3767365332819301,-3.3067824723040236,-0.04711732535729145,1.7499110424903634,1.694863114741637,2
5.5438127050593335,2.179796492594393,-1.2689732169737995,-3.104876656954852,2.899181549111947,-2.090605943595536,-2.880208228431366,-0.9732183994791536,0.4600071415766305,1.5720648088730023,2
7.507049393662351,5.936279953274785,-3.1745654899282703,-8.686412052127592,3.209711326170821,-1.076048537982266,-0.6687735081805778,-2.3429715655419834,0.09170505554458126,3.233532524148611,2
-19.47434588992169,2.6736171597661373,1.648415856543193,-4.208594835002266,4.603227162921891,2.2406265830807746,-0.048416841059871533,-0.1443123164346045,-0.662971947040797,0.7373998984640397,1
-19.830597079118082,4.298841604534731,0.7694958355394563,-5.970163591034912,4.988971170363315,2.4930365392490423,-1.8200240550989872,0.38926157539276685,-1.1975974298190661,0.28589213748115067,1
-17.387758880673932,2.0495142038629393,-0.33578860113874776,-6.082290291277454,3.1499689240125197,1.629294323505619,-0.3208518281805114,0.6280075400034582,-1.501057316753842,-0.3774936357146341,1
-15.030946881232383,-1.2980800771017174,-3.968912796536933,-4.203524008094696,0.9870676208086323,2.0411543400835788,-0.45924820482268874,0.8157742713992849,-1.6194352481370382,-1.8876043773722737,1
-9.852576602349188,-0.3604215970531321,-2.9849193826858107,-5.107662088131607,1.328013769369137,0.5180717831588659,0.43183704889339153,-1.1675755579895668,-0.0880058161405496,-2.636612980683174,1
-7.195962881809352,-4.337127239796198,-5.3331351037303065,-1.3077725912426816,-0.8329125173974803,-0.7820002261709331,-0.09977714326545303,-1.2129110939337435,-0.016533371739484243,-2.4318246942559663,0
-1.1406234920369736,-3.3283064164237492,-1.9366657602655886,-0.3784233102802664,-0.8895635375722184,-0.34382439247513047,1.1139176382176832,-1.2233283240766755,0.17461779577872336,0.2327527972279178,0
1.1360653115330976,-5.036571065399453,-4.322532394794852,2.1217602291963744,-2.272537254499329,1.153920948855689,3.2496380352580148,0.3630521208761154,-0.078602042468433,1.0768012660427526,0
1.9168201508858935,-2.914223357159192,-2.7839392713684767,2.367162163308114,-1.7504453937840916,1.756488664451915,3.5835841413606384,-0.03201590517356117,1.229081334444509,2.3893926795882794,0
0.8266380231733808,-3.0996851507467866,-4.214549007433941,3.2659578218442302,-0.573393832637339,3.1282471558544542,1.9661824654281437,1.7093423042856268,1.08024553343345,2.8450819494633546,0
-4.680163473048265,-4.160533034597576,-2.944005123590385,3.7580987187641854,-1.4525768761264262,2.0200130381830657,-0.8610650000269474,1.5002782717067251,0.5298794579926986,2.0550780679740863,0
-0.471086007474031,-4.657962848307071,-2.458436940156328,3.564347137804926,-1.3241483777847982,3.5537667510484208,-3.2904625468902,2.2587001690241437,0.5066914635929177,2.37996586950296,0
-1.3766039434222364,-4.406462977456401,-1.3638993512803226,2.53556998194035,-2.8912782492720708,1.977409914799966,-4.25492326817407,0.8002689574848546,2.6711391171996635,-0.6869356702153913,0
4.344262653221365,-1.7434842361810725,-1.0771948071718105,2.4196923856439647,-0.36111288074772,2.158039158449463,-4.498684461749271,2.2000867529194372,2.618526113842119,-0.7519047570643821,2
3.7696959433579003,0.10951651299128395,1.4754130179107192,1.662167518876282,-2.112937159316563,0.40372062621889704,-3.698496421949732,1.1218209924817435,3.279497415633103,-2.258168344906183,2
7.149154693037798,1.2928505792341807,2.552990925342929,-0.2482547984257629,-1.314283817044237,0.25766523479515835,-2.162850088569578,3.63036049109013,1.353466631076106,-0.056344919158997045,2
7.394282074686995,2.624673999794087,5.7345353533206405,-3.7788488594947296,-3.60827324895783,-2.9230897019981925,-2.3209902453500044,1.596647346194462,0.34081514757281917,0.17298761622959466,2
7.621558862107759,1.7151710516794318,5.477726995692368,-4.317559401741259,-2.953645520371194,-1.1212287899420237,-0.9061082956643783,2.8998875527622596,-0.815381763786209,0.8512488587794781,2
0.633159343373034,1.850244132193776,6.334911912990734,-4.645183439180661,-4.553409504305277,-5.303114429459258,-1.250015646400484,1.779346463636083,-1.0321405660092855,-0.6366272635651039,0
-3.463761721717032,-1.0541611743645727,2.0901770731412967,-2.8349190436367513,-5.550652640622405,-1.72000752041266,0.17012633514806716,3.7123557826506635,0.4541691104427794,0.49300898465570653,0
-3.8301821894633457,0.8974963748338552,1.031623022388883,-4.240972286928654,-4.490102586765343,-4.5597716564658,-2.252539479425442,0.9259399771531613,0.5616067645053885,0.5059692522468984,0
-4.412304809163719,-1.1146093499048655,-0.5890405544684433,-2.678578871138489,-4.175103682107949,-0.014503470457947348,-1.3867070687772443,1.1926395196323711,0.21790725414081064,0.5926506768281576,0
0.4261550845614632,0.5098741667624659,-0.1636788737875765,-3.4080378535848435,-4.276120278735764,-1.216597455641328,-2.245282033542295,-1.6535946576758198,0.4466832665825685,0.20246473361654505,0
-0.6552127371773822,-2.407640229866,-0.061005229901169765,-1.9295540682675894,-2.396121576815369,0.47570758227875687,-0.2632816488124211,0.35503902892564676,0.046749594090170675,0.6794489186856345,0
0.973386121163819,-0.26715924146398307,-0.6962814554119506,-1.106567578498649,-0.3828462491231998,1.3082695201605403,-1.4632536749664322,0.7507107909832462,1.026719454921498,0.724905989596788,2
0.8533438693454315,0.21219721502538189,-0.7566847686342986,-0.6904652202211927,2.6935330362099896,2.316317085655782,-2.582904818506284,1.8718572051432354,0.26359551328393926,2.728837718974256,2
4.208531922778659,1.2624760580195005,-0.4262944472184755,-0.09123061511207256,3.3678230955852646,0.6792030816702079,-4.280184963101988,2.71775521984274,1.8026322402565302,1.5679677998238744,2
6.972290030389616,1.0066989121710126,0.30555755087388836,-0.2108161373153694,5.136456147031034,-0.6164167096469062,-5.379314192136334,2.064106431386947,0.35115161005842166,2.3513829892427967,2
9.153833492697963,1.9406357418669231,-0.35409181386606886,-2.6551291097277705,3.657213860903086,-2.957649757276153,-4.976310579756403,0.194705630552813,1.1162462451384343,2.0539779827348283,2
9.672758488969487,2.842511279757637,-0.3970988675053508,-3.087398768022471,4.9871933518195775,-2.5459323041821302,-3.216417216873057,0.012369242603885316,-0.7447034373759636,2.4466771230284117,2
9.458266278818817,3.0695934769527824,-0.4179091138438254,-5.355768333968495,2.0845545506670646,-3.303337777754613,-3.9430490743148185,-1.4364724731940404,-0.8204756209577146,3.0369762836083036,2
-22.183394718863045,2.9582199282694526,1.710664526136571,-3.1685614011162038,5.9771108536668205,1.6296188793824076,-0.6034046975393287,1.300423983445932,-0.7441969337511003,1.7268308641337828,1
-22.756464741263386,0.59689486286471,0.27034256460310874,-2.193838270085294,3.718833655919767,1.8954001834505267,-1.406330096610334,3.2207089542180563,-1.5065469226000459,0.8170233240062312,1
-15.325803874181728,-0.5180410278760658,-0.0550259515478159,-2.0113792586975108,3.3892512428893884,2.4452393545712976,1.0715420554118338,2.3111394051673018,-0.9898563340798848,0.7855316807601874,1
-15.389055279042491,-1.8551605086044924,-2.9439599770344986,-1.983623112616583,-0.1499739527558902,1.0950710337940375,-1.1199134785235303,2.7533745572955444,-0.40482925504747713,-1.5650923278551137,1
-10.570996855233583,0.1625775486851217,-1.984023183871165,-3.8650959112030367,1.0429709034604362,0.6720050793777551,0.19225781940230874,0.4948208297638378,0.937797521278277,-3.3465736725326383,1
-10.110264173201228,-2.39555006077523,-3.3718815607008548,-0.9661359644802726,-0.9791451377219321,-0.5416335763678229,-0.4901694106826442,1.0508333035407287,0.3718600134465356,-1.6974368529647925,1
-3.680167615619351,-2.0075113170103234,-0.7709221270275419,1.0489145906982753,-0.0648040123084346,0.6328048304824627,0.9561735835001146,0.3326133679006147,0.9320736196481308,-1.1733340094090376,0
-1.6788794495061727,-5.866619410983431,-3.4964358147004613,4.517819287563238,-1.5341526356314572,-0.503917872692432,0.23619399959764847,1.8305810265972766,-0.06055189564068686,0.4858703382408849,0
2.430721012060231,-2.875893908652689,-2.0379249838610574,3.944597875014958,0.11571137269015841,0.9143429796368661,1.2389561508062532,1.392447103132068,0.17224609184600073,1.0305754332996164,2
3.008676067198812,-4.020943567851528,-3.9756435719961267,3.5245825719216217,1.3813844191524345,0.9817467803126692,0.48759361565144216,1.8398508909701745,-1.2195992839856797,3.228418209006644,2
1.5993953330651474,0.4941297262536936,-0.4515735309085937,0.4255472258170899,2.5944832583736974,0.9974475510543634,0.47546721325786995,1.584056323454714,0.580200170299475,3.1799717576097137,2
2.7635364463970773,-1.599202231073634,-0.8586445072253691,1.3354896542953199,1.8148670539744078,2.122757722607503,-0.9524645856641898,2.0581612054825777,0.6758102967634352,2.453221112233806,2
-0.7436062622355236,-1.5906040695804406,1.1344469174752014,1.5635570880542669,0.1449404571424313,-0.24608373199201197,-2.528347051604913,1.019789771413319,2.73623474255593,-2.5892359047797444,0
1.868111437696105,-1.1168137448036677,-0.707898981089894,1.8876935606035268,0.1741702016412898,-0.09001325646755066,-1.9065363443690129,2.841788949043666,1.481282481857775,-2.925927293900876,2
2.6356018146595583,1.454958916372708,1.3358102626516333,0.8943612070455393,-0.2491373412441873,-1.9692480958993752,-1.9475588516673121,1.3695681750746194,2.3707354327964425,-3.533959097853179,2
8.473183718749286,2.9759943509429436,1.647693621766299,-1.8172150465159036,1.7754805631379564,0.4489420614901472,0.10151878065344717,2.9949154212642832,-0.8227708688340017,-0.35747544336629855,2
9.668745996997606,4.848477897875485,5.626403530092545,-3.3898870983711795,1.4271909281271553,-1.2045087894684003,-1.005528958859974,0.39111492306847195,-1.4846853575707026,-0.2283761930986788,2
6.347344393520994,-1.139987815315462,3.894629399318042,-0.27800175418406037,-0.3649350662673298,0.7997596299035588,-0.28920799037508504,2.1267051329822317,-3.538858141756821,1.113213126946407,2
3.002539343544758,2.560342912761498,9.055699591859051,-4.314930989389501,-3.758542452897107,-4.228791900857894,-0.6419955015059766,1.4139340468283206,-1.9978314361609184,0.6636588104546616,2
-1.27632857650276,0.2204546323546101,5.747077031664094,-3.081238974334047,-3.709147063703996,-0.3468059497644889,0.4775304197913523,3.0628301154345294,-0.01634003553915324,1.3721303087484742,0
-3.802144131085325,3.6757718327084548,7.238076339791085,-6.759739972757365,-5.887973303120839,-2.713524211529047,-1.0078373556317213,1.8555970562188868,1.3168255987576372,0.0372023335281751,0
-2.5335459013925212,0.20400443685969818,5.045103831805706,-4.538530115708645,-5.820075788856302,0.2265561401239942,-1.253325089459895,2.0606234728235395,1.6381904928453472,-0.744555078372152,0
-2.1197205443532465,0.14330936666757868,1.5533949916578875,-3.069226101798493,-4.978877802980684,-1.5405037290361137,-3.2278700075981592,0.14424017862865837,0.8998969863386705,-1.4855502192235723,0
-2.6415970707186456,-1.957809939135217,1.5784787019672752,-1.6434576350104633,-3.7947977149606666,-0.5753745881146227,-3.4714845786079285,0.2276664932494415,-0.13176063923209977,-0.47384198053857046,0
-2.838183852131993,-1.9145753528490888,-1.7780701953075777,1.0246741142327973,-1.7183256430125982,0.7769713540583147,-3.1679563614531823,1.9702286876818902,-1.0488539898032823,0.011893762903044645,0
1.6615322610647913,-0.56474629584081,-0.07267286344183943,-0.03667585522201616,1.2349344284376864,2.4955902183758116,-3.6340239251338957,2.9018784432845637,-0.32853772808369197,2.9829710312238635,2
3.878364561534315,0.2754117017128994,-0.46970513487922166,0.2927917252722937,2.104466553005975,0.8885926700116658,-3.753902700178959,3.0304050406623904,0.278107064487685,1.4097990503068127,2
8.377158442214244,2.4199352104494767,1.4989066621549683,-0.913788154349148,5.526738347803617,0.7925269937303621,-3.886785424599509,2.562181590557647,1.7023978754982096,1.7096441447723714,2
7.135321685289969,1.236333074589883,0.20894834374771884,-1.7386177172615527,3.330346380802552,-3.325150438425512,-4.5588439534932625,0.9404629370451764,2.4687571033952995,0.8885982139148629,2
8.165254107199335,2.915801099419578,1.5300515583892191,-2.6654253270451074,5.278105588856349,-2.092726298088519,-4.145741625982394,1.8304160632719357,-0.012952819174453994,0.6929626913955863,2
8.155719282900616,3.676950382389722,1.4150988235252862,-4.645871885647108,2.4840511595108397,-2.783682680578558,-3.959512726909111,-0.472669054422606,0.7288930566644983,1.516402261730088,2
-18.261461904337647,0.10074915222241869,2.803052245363418,-1.6465448364788138,4.841736689611531,3.3727521517854937,2.2603703069663625,2.581602284663295,0.538750452129574,4.510011161415621,1
-18.45132464782023,2.5288078588929417,2.4420752401135064,-3.0233926679983534,3.2297500187526005,1.9128567025154308,-1.0460507527257643,4.511565701386897,-0.5984602284391919,2.3600952836147076,1
-16.14217215190381,-0.7242791969423815,0.01661054888623134,-2.881809253405416,1.8100419499723188,3.2017760599299647,1.419053214664375,4.344295605543442,-1.713481685272397,0.7038359183166775,1
-17.936091545275932,-0.7334151792041113,-2.7594057250559785,-4.593603371515889,-1.4669102144585682,1.7193017182073995,0.5556303197459889,5.0014192269939866,-1.1682731687446488,-2.414077519191915,1
-10.487202949882322,1.1635780498235933,-2.6898518471952064,-5.528417798784077,1.7575456614987324,2.520854080703649,1.4107428021184987,2.115654671073614,-0.014884364331662448,-4.789050763483361,1
-9.730548210617131,-0.2799129008260014,-4.046978405668367,-3.5348508555721607,-0.23020540007350074,-0.912186930152421,-0.06486683973650612,1.0061815093846969,0.7616414262639624,-2.7139226929263183,1
-2.4281345155233773,-0.3873587570416429,-0.5477261151333372,0.03895297438704791,1.042614945739786,2.8723615127665427,0.8468312025311721,1.618268595600356,0.861855592170087,-1.8455691597490853,0
2.1593940061715156,-3.4820295748534775,-2.187932586157521,3.083137245218123,-0.4616009295657334,0.050628875393119485,2.032809287539065,1.9163879432343436,-1.1936023432663152,0.5216320691048213,0
6.183140432937777,1.956563177392566,1.804004069833778,1.4487895947236942,1.9611835692814623,0.9760657668863938,3.1747497034566585,1.7285283758473498,0.44169081948016325,0.19227789033756318,2
4.087553483739092,-2.673861067907887,-1.9539943561102342,2.0278650597613175,1.2406736698493097,-0.41595260099502845,1.4807213747721322,3.5696974399044414,-1.3666937306056237,1.2788413091509465,2
2.240063112293832,0.264721684796293,1.8886551433110756,1.7940729412974494,2.546318912926138,-0.8819375718846497,-0.29303280009846483,2.8658567084295656,-0.03964770826632025,1.8176685729481934,2
4.433530811969094,-2.1962779251276285,-0.2684810390203116,0.6673941699829885,1.4584742732504286,0.7302802289652977,-2.2815646710168678,3.3343194636651625,-0.9176380746239775,1.4033442269720404,2
0.8987530569599319,-0.23098288047217824,2.2890030239032515,1.5792394513655823,2.248658423955037,-0.9513505856298097,-3.1685794129568245,0.5743838065685707,2.592347768836758,-0.808652220023832,0
3.5260603942877315,0.5297992127459614,-0.12695932830187076,1.725232469996129,2.36105061975293,-0.9290882619545833,-2.0430375225865003,1.6559457595730014,0.36263012608170336,-2.4638178105849398,2
4.117897217511265,3.718332820947722,2.7182428898587276,1.5709928470512828,2.890523712728174,-2.0275014731378245,-1.5480224193358085,1.382755482319431,2.7226583979999064,-2.714709279659844,2
5.651264965010879,1.945641709591529,0.16209541062174362,0.22341531324097805,1.2905052648522581,2.383728663575134,0.553652796827009,2.8287243514700813,-1.569557543032881,-0.41151075653682423,2
12.493194235485287,8.557016075540421,6.693048159151558,-5.4251094340812065,2.2100275312634383,-0.13541500291589892,0.8837883508960773,1.8547655655825321,-0.12086890297785746,1.9299663055665577,2
10.267730278836778,3.1476251932752914,5.624747479876373,-3.4785648519080064,0.6781600091192378,1.9389481690151402,2.5749083658467815,1.7881727469871043,-3.19181047000968,3.46843590147282,2
6.661852510125888,5.873504306472049,10.41459183191788,-6.413314027912054,-1.8460122255345501,-4.386346107507986,2.547835760628053,0.746898060156515,-1.4431449032464956,1.5186819175649209,2
-0.8608761936821354,-2.146305040076348,5.98687301158691,-0.26858979287317664,-4.873148839125865,-1.8878211519348824,1.109448081495876,2.9257378197956565,-0.3499024320497967,1.430078965043049,0
-2.279747120173338,3.7056483335450916,8.816719292453962,-6.49755581494974,-6.818455162774618,-4.760409109048018,-0.6140879488137342,1.2761920416161803,2.8897054665150357,-0.8511759778321776,0
-0.31340534761778577,5.1128320604827655,8.810418049030238,-7.9223549526171295,-5.0431194394519565,-2.053133617040916,-2.781148474838604,0.6205213749652938,2.403673997407004,-1.177250226460655,0
-4.818009449529923,3.086861768124751,5.150155724563628,-4.9240273075942085,-6.2212962413320545,-1.2449696617918713,-3.0214881724421736,0.9308152413782,1.2890786406345622,-2.1406064637022135,0
-0.8364296560629187,1.6706161930045889,4.918499806335507,-4.967264359045194,-4.498395200652978,-1.152803049024103,-2.738285540871006,0.17736502653595385,0.7578260706153745,-0.9091806492636116,0
-5.688337243851113,-1.4398223864320168,-1.8955050168392669,0.111454857894692,-1.6677767536440222,-0.5968152760453038,-2.557989992606219,1.9910201590963559,0.043371767244278034,-0.07335578340839814,0
-0.9706082030107699,-0.2276594153822475,-0.29454638534391786,1.2500612820795358,1.4470679293681095,2.8601198273654855,-4.147029407428578,4.10595475117535,1.3882129564029395,1.179954487093544,0
0.625461816547226,-0.5581405721379383,-2.2336495831208136,1.4773615753650782,2.603048671948478,0.6763545598057273,-4.886436089034674,3.362874365524188,1.3322613034969772,0.7020881826928409,2
7.097922592167265,1.25083614551535,1.1051849614723799,0.14076555305569696,5.029358682146617,1.2938834257437395,-5.39901384145777,3.9307122614782637,1.827348299330019,1.0951217462379907,2
5.455122896831181,0.06371566262773752,0.17311799400678188,-0.6363572283372203,2.4010763825008303,-3.284115463424854,-5.402673961213741,0.664138506952692,2.112265062643837,0.3520968480454685,2
7.841336298442963,1.4654358845737698,1.767848736267438,-0.8472049177750895,4.362803295787,-2.998586787770763,-5.515299181978876,2.181395124044214,-0.6572126525253268,1.8640401284133428,2
3.507521639620315,-0.1229525801119526,-0.6275884334661538,-0.2377062301580213,1.8639681623569677,-4.013918110148231,-5.495810834992741,0.03323204167560725,0.525806075780965,1.9835879870240527,2
